"","X","electrode","bin","R2","absBeta","Fstat","p","fstretch","perm_p","predictor","region","anova_p","diff_adj_r2","perct_adj_r2","correction"
"1",1,"LAC1-LAC2","bin_3",0.00204247234732105,0.00109230753089668,0.462543482767543,0.497133745947327,2.67414288902782,0.7347,"ineq_advent","Cingulate",0.861119361494544,-0.00435535064910608,0.666026203524189,18
"2",2,"LAC1-LAC2","bin_4",0.000379524309952002,0.000474307302510967,0.0858050591550187,0.769848250303935,2.67414288902782,0.7347,"ineq_advent","Cingulate",0.411035384823949,-0.00144331943993947,5.64604558839611,18
"3",3,"LAC1-LAC2","bin_5",9.58592425136047e-06,7.62638151303548e-05,0.00216643964813383,0.962916948551806,2.67414288902782,0.7347,"ineq_advent","Cingulate",0.763014809879311,-0.00408490507213877,0.588797117936914,18
"4",4,"LAC1-LAC2","bin_6",0.000921842622593793,0.000754319989824743,0.208528663316074,0.648361648509467,2.67414288902782,0.7347,"ineq_advent","Cingulate",0.715583879822237,-0.00389155830613652,0.676452300441214,18
"5",5,"LAC1-LAC2","bin_7",0.00133009860392574,0.000855734814486314,0.301002647688686,0.583796110073354,2.67414288902782,0.7347,"ineq_advent","Cingulate",0.653978652058201,-0.00358479205412277,0.618095758348763,18
"6",6,"LAC1-LAC2","bin_8",0.00385082233092512,0.00137574771582508,0.873650118173555,0.350944387405814,2.67414288902782,0.7347,"ineq_advent","Cingulate",0.945043283885665,-0.00445134836852379,2.3629143072596,18
"7",7,"LAC1-LAC2","bin_9",0.00395408201029441,0.00149531615846406,0.8971700181555,0.344553327651837,2.67414288902782,0.7347,"ineq_advent","Cingulate",0.754063692423681,-0.00404298064208786,0.873891411472196,18
"8",8,"LAC1-LAC2","bin_10",0.00547760503532374,0.00184328999626434,1.24475702533288,0.265741113788771,2.67414288902782,0.7347,"ineq_advent","Cingulate",0.299269680503944,0.000345533181894453,-0.082072027494861,18
"9",9,"LAC1-LAC2","bin_11",0.00188351577363516,0.00101185019144077,0.426477842585161,0.514386084790921,2.67414288902782,0.7347,"ineq_advent","Cingulate",0.505409046643345,-0.00249269749240955,0.457740462728753,18
"10",10,"LAC1-LAC2","bin_12",0.000121205190274694,0.000250769114746004,0.0273956935023244,0.868685471024791,2.67414288902782,0.7347,"ineq_advent","Cingulate",0.241187015439546,0.00164231196319164,0.174885715145325,18
"11",11,"LAC1-LAC2","bin_13",0.0116941200926488,0.00265110451943207,2.67414288902782,0.103382213670427,2.67414288902782,0.7347,"ineq_advent","Cingulate",0.0130344887659532,0.0225990654344708,-3.14772546036874,18
"12",12,"LAC1-LAC2","bin_14",0.00330351117178962,0.00144646905650894,0.749068079593823,0.387689245335787,2.67414288902782,0.7347,"ineq_advent","Cingulate",0.171029551539963,0.00390256146162393,-0.449277145984408,18
"13",1,"LAC10-LAC11","bin_3",0.0117139181143301,0.0023918570909688,2.67872384561707,0.103088931522689,9.38994480971551,0.0377,"ineq_advent","Cingulate",0.52306392722181,-0.00263359875465718,-1.35370324213743,18
"14",2,"LAC10-LAC11","bin_4",0.00738094874747539,0.00200216424891015,1.68049808718115,0.196180441995885,9.38994480971551,0.0377,"ineq_advent","Cingulate",0.811920218579536,-0.00420977188138782,-25.9994644619401,18
"15",3,"LAC10-LAC11","bin_5",0.0139630694968954,0.00293634158106149,3.20034028004231,0.0749621581423122,9.38994480971551,0.0377,"ineq_advent","Cingulate",0.408130763570618,-0.00138868059460207,-0.117052503384908,18
"16",4,"LAC10-LAC11","bin_6",0.0170087638635948,0.00328363214232418,3.91049329013449,0.0492007377729102,9.38994480971551,0.0377,"ineq_advent","Cingulate",0.154717858693395,0.00450199934887097,0.611770021908332,18
"17",5,"LAC10-LAC11","bin_7",0.0236714381497379,0.00355793786312232,5.47945151958101,0.0201120818805459,9.38994480971551,0.0377,"ineq_advent","Cingulate",0.288670856011007,0.000553047347967239,0.0533294133584765,18
"18",6,"LAC10-LAC11","bin_8",0.0160863125964524,0.00276408795070537,3.69494468197917,0.0558348729106317,9.38994480971551,0.0377,"ineq_advent","Cingulate",0.354339459449556,-0.000629827613532474,-0.171300259918413,18
"19",7,"LAC10-LAC11","bin_9",0.0012929489330888,0.000834534346377832,0.29258475602621,0.58910163577348,9.38994480971551,0.0377,"ineq_advent","Cingulate",0.0548957696798957,0.0118662573088415,-1.92850008679022,18
"20",8,"LAC10-LAC11","bin_10",3.69163892360561e-05,0.000150154224688882,0.00834341197599274,0.927301533485385,9.38994480971551,0.0377,"ineq_advent","Cingulate",0.209310312376215,0.0025437836928307,0.617603288606612,18
"21",9,"LAC10-LAC11","bin_11",0.000993246498461211,0.000793086287907505,0.224696888049504,0.635941825624325,9.38994480971551,0.0377,"ineq_advent","Cingulate",0.425438515197941,-0.0016190250620326,-0.553696946370144,18
"22",10,"LAC10-LAC11","bin_12",0.00234496062972693,0.00118355102873556,0.531206761259686,0.466854542842824,9.38994480971551,0.0377,"ineq_advent","Cingulate",0.106104055978077,0.00710379730940502,7.58267633336006,18
"23",11,"LAC10-LAC11","bin_13",0.00474029401324787,0.00168489623855391,1.07640894185691,0.300611061923524,9.38994480971551,0.0377,"ineq_advent","Cingulate",0.138856993440453,0.0052671894911358,-7.75767117447861,18
"24",12,"LAC10-LAC11","bin_14",0.0209595637507783,0.00370879067604984,4.83826942411405,0.0288482445450898,9.38994480971551,0.0377,"ineq_advent","Cingulate",0.302922543976771,0.000269526298450007,0.0264728063349766,18
"25",1,"LAC2-LAC3","bin_3",0.00744781058031481,0.00206375335585988,1.69583545237582,0.194159090821003,4.58142319294563,0.3129,"ineq_advent","Cingulate",0.763667016503971,-0.00398713073333445,-0.224973491212645,18
"26",2,"LAC2-LAC3","bin_4",0.00260738073089687,0.00120491815421995,0.590808507901846,0.44290911252348,4.58142319294563,0.3129,"ineq_advent","Cingulate",0.954258177812756,-0.00447205695315933,0.883398427210159,18
"27",3,"LAC2-LAC3","bin_5",0.0125253372486773,0.00287710832241324,2.86663174760761,0.0918118550465001,4.58142319294563,0.3129,"ineq_advent","Cingulate",0.413002018743772,-0.00146305949646419,-0.418935504268102,18
"28",4,"LAC2-LAC3","bin_6",0.0202543890537363,0.00356060368544137,4.67212292150342,0.0317067603064914,4.58142319294563,0.3129,"ineq_advent","Cingulate",0.017996106638613,0.0198960425120852,3.21272244091615,18
"29",5,"LAC2-LAC3","bin_7",0.00417520824259796,0.00155382615547532,0.947553295155371,0.331383583288347,4.58142319294563,0.3129,"ineq_advent","Cingulate",0.038877459553855,0.0143435478496574,-5.90534834952186,18
"30",6,"LAC2-LAC3","bin_8",0.00182945593951573,0.0009803074216734,0.414214830111739,0.520490483668669,4.58142319294563,0.3129,"ineq_advent","Cingulate",0.269377421939401,0.000984982315910043,-0.112637950517254,18
"31",7,"LAC2-LAC3","bin_9",0.0198690038837691,0.00313412912902169,4.58142319294563,0.0333914049943199,4.58142319294563,0.3129,"ineq_advent","Cingulate",0.019474995185432,0.0192203842030314,1.78243892454592,18
"32",8,"LAC2-LAC3","bin_10",0.00690789447372082,0.00193606441610133,1.57204366279155,0.211205869598291,4.58142319294563,0.3129,"ineq_advent","Cingulate",0.21947931260747,0.00224580624137538,0.860231357089794,18
"33",9,"LAC2-LAC3","bin_11",3.49265626171226e-05,0.000150345468262271,0.00789367885053836,0.929282680098283,4.58142319294563,0.3129,"ineq_advent","Cingulate",0.822347146431155,-0.00425964817795377,0.844735994364411,18
"34",10,"LAC2-LAC3","bin_12",0.00147109607232771,0.000964756060760519,0.332957524853125,0.564497086422653,4.58142319294563,0.3129,"ineq_advent","Cingulate",0.508627473923729,-0.00250287952222905,-1.02744027848175,18
"35",11,"LAC2-LAC3","bin_13",0.00369051969949719,0.001479676631925,0.83714695943152,0.361189190746899,4.58142319294563,0.3129,"ineq_advent","Cingulate",0.439044348760964,-0.00178011513543352,-0.506713573999174,18
"36",12,"LAC2-LAC3","bin_14",0.015381787111365,0.00318946986229652,3.53059068140726,0.0615334104964426,4.58142319294563,0.3129,"ineq_advent","Cingulate",0.205591075560147,0.00265773199697428,0.612200288050927,18
"37",1,"LAC3-LAC4","bin_3",0.00458030464358869,0.00156816884213024,1.0399119630443,0.308932333643175,2.11649576780743,0.8536,"ineq_advent","Cingulate",0.550089709430747,-0.00287526325174237,0.824281907293851,18
"38",2,"LAC3-LAC4","bin_4",0.00501259269819771,0.00162194213871644,1.13855305251021,0.287096786764603,2.11649576780743,0.8536,"ineq_advent","Cingulate",0.634487904452882,-0.00346698503715626,0.786426891399599,18
"39",3,"LAC3-LAC4","bin_5",0.00634422324692072,0.00180339705152639,1.4429488434005,0.230920114356894,2.11649576780743,0.8536,"ineq_advent","Cingulate",0.69187602422033,-0.00377079493093002,1.37463721706624,18
"40",4,"LAC3-LAC4","bin_6",0.00762476312708547,0.00204803031882166,1.73643638282562,0.188925202768944,2.11649576780743,0.8536,"ineq_advent","Cingulate",0.0955098924781728,0.00788267547835031,-1.61922384027165,18
"41",5,"LAC3-LAC4","bin_7",2.58066004032446e-06,3.81179283342912e-05,0.000583230674233423,0.980754135378349,2.11649576780743,0.8536,"ineq_advent","Cingulate",0.359354688233442,-0.000714532393134348,0.14229091046724,18
"42",6,"LAC3-LAC4","bin_8",0.00047568473471463,0.000537970644903544,0.10755591275133,0.743247662192228,2.11649576780743,0.8536,"ineq_advent","Cingulate",0.831799290215483,-0.00425966465664296,-7.65228325406679,18
"43",7,"LAC3-LAC4","bin_9",0.00141877657515138,0.000981185306126412,0.321099073828464,0.571510208368147,2.11649576780743,0.8536,"ineq_advent","Cingulate",0.493631797491864,-0.00234183002087196,-0.217090786343259,18
"44",8,"LAC3-LAC4","bin_10",0.000751135263320167,0.000762786382625182,0.16988417550526,0.68060544721479,2.11649576780743,0.8536,"ineq_advent","Cingulate",0.443785171317944,-0.00185121639229258,0.342682920124609,18
"45",9,"LAC3-LAC4","bin_11",0.00019799156144097,0.000376352802029277,0.0447549539888817,0.832645910373263,2.11649576780743,0.8536,"ineq_advent","Cingulate",0.552321883650146,-0.00290187705270784,0.444860297835756,18
"46",10,"LAC3-LAC4","bin_12",0.00190509144214054,0.00106498679223486,0.431372469924591,0.511984502149723,2.11649576780743,0.8536,"ineq_advent","Cingulate",0.546194507728786,-0.00285119906762432,0.466531643935441,18
"47",11,"LAC3-LAC4","bin_13",2.76694232601025e-05,0.0001282395981989,0.00625346268648908,0.93703988961741,2.11649576780743,0.8536,"ineq_advent","Cingulate",0.920910389154567,-0.00445661957768362,0.539143117165762,18
"48",12,"LAC3-LAC4","bin_14",0.00927813554510211,0.00244078615662109,2.11649576780743,0.147107111899317,2.11649576780743,0.8536,"ineq_advent","Cingulate",0.0625615282783008,0.0108987607142272,-2.45023591551581,18
"49",1,"LAC9-LAC10","bin_3",0.000821675753614664,0.000698715671008486,0.185851429930663,0.66680301154822,3.07438476335738,0.6329,"ineq_advent","Cingulate",0.84828833403083,-0.00432485495104507,0.754464842437343,18
"50",2,"LAC9-LAC10","bin_4",0.00023708224394321,0.000343189295423627,0.0535932931493655,0.817134100112312,3.07438476335738,0.6329,"ineq_advent","Cingulate",0.55696976507508,-0.00294229529920109,0.380336077554742,18
"51",3,"LAC9-LAC10","bin_5",4.83506919318873e-05,0.000150615354208762,0.0109277847425601,0.916836678229324,3.07438476335738,0.6329,"ineq_advent","Cingulate",0.819247427788114,-0.00426580980396563,0.506499333665425,18
"52",4,"LAC9-LAC10","bin_6",9.43308833977458e-05,0.0002279389110379,0.0213207908569268,0.884038591929543,3.07438476335738,0.6329,"ineq_advent","Cingulate",0.837404091588451,-0.00430830141090421,0.561159109155519,18
"53",5,"LAC9-LAC10","bin_7",0.00134474043553418,0.000897658983357554,0.304320570607384,0.581731440713844,3.07438476335738,0.6329,"ineq_advent","Cingulate",0.313824186856713,6.46340139434098e-05,-0.0302452994362837,18
"54",6,"LAC9-LAC10","bin_8",0.00115924013310567,0.00082712204254845,0.262292329877282,0.609049760552183,3.07438476335738,0.6329,"ineq_advent","Cingulate",0.549151788006651,-0.00286971248770307,0.685457364249013,18
"55",7,"LAC9-LAC10","bin_9",0.000482178101692537,0.000532499588084598,0.109024820363434,0.741562977751649,3.07438476335738,0.6329,"ineq_advent","Cingulate",0.69764635812891,-0.00381725688454471,0.493048204533863,18
"56",8,"LAC9-LAC10","bin_10",4.11145328540183e-05,0.000155252655967662,0.00929226647220331,0.923291174663888,3.07438476335738,0.6329,"ineq_advent","Cingulate",0.828327518392653,-0.00428797979940643,0.528514240478547,18
"57",9,"LAC9-LAC10","bin_11",0.00116181400867788,0.000898579185705497,0.262875378258199,0.608652329399895,3.07438476335738,0.6329,"ineq_advent","Cingulate",0.881381432126296,-0.00439765124989866,0.578085804379662,18
"58",10,"LAC9-LAC10","bin_12",0.00265227413918459,0.00140487466196752,0.601007993414093,0.439004095706628,3.07438476335738,0.6329,"ineq_advent","Cingulate",0.675512930428019,-0.00370373723931783,0.554707127788788,18
"59",11,"LAC9-LAC10","bin_13",0.0134209015404902,0.00300720476439564,3.07438476335738,0.0808903852336179,3.07438476335738,0.6329,"ineq_advent","Cingulate",0.370140372446413,-0.000874439177143027,-0.747917577917423,18
"60",12,"LAC9-LAC10","bin_14",0.000178208408874869,0.000337829159363149,0.0402822790465751,0.841110177316546,3.07438476335738,0.6329,"ineq_advent","Cingulate",0.819283078777328,-0.00426108768992162,0.585034313647273,18
"61",1,"LPC1-LPC2","bin_3",0.000142024339815002,0.000285421695246681,0.032102060072079,0.857964369024137,5.63014398003696,0.1852,"ineq_advent","Cingulate",0.998279709811772,-0.00445657371915198,-2.58678171734354,18
"62",2,"LPC1-LPC2","bin_4",0.00242008683817423,0.00124702515708134,0.548266477914389,0.459795436201971,5.63014398003696,0.1852,"ineq_advent","Cingulate",0.939893250267207,-0.00445689336723509,1.09280109025252,18
"63",3,"LPC1-LPC2","bin_5",0.00135952424671245,0.00100535587069997,0.307670765622882,0.579661541831493,5.63014398003696,0.1852,"ineq_advent","Cingulate",0.590763827541107,-0.00317797845698697,1.16501215044375,18
"64",4,"LPC1-LPC2","bin_6",0.001791735711474,0.0011501635040293,0.405659104697695,0.524825654823121,5.63014398003696,0.1852,"ineq_advent","Cingulate",0.43530700808615,-0.00173769246868294,-0.631481335872146,18
"65",5,"LPC1-LPC2","bin_7",0.00619934796916755,0.00205155644132129,1.40979243490011,0.236337314958782,5.63014398003696,0.1852,"ineq_advent","Cingulate",0.677962942714593,-0.00368901381746023,-5.11514372077595,18
"66",6,"LPC1-LPC2","bin_8",0.00308140722967126,0.00129167302348457,0.698550552628867,0.404153915222333,5.63014398003696,0.1852,"ineq_advent","Cingulate",0.568038255947369,-0.0030188140975711,0.640994145824635,18
"67",7,"LPC1-LPC2","bin_9",0.00205452322292591,0.00104721821762042,0.465278173193201,0.495865970803374,5.63014398003696,0.1852,"ineq_advent","Cingulate",0.990056757525447,-0.00447895426512201,1.30115341812088,18
"68",8,"LPC1-LPC2","bin_10",0.000433842426573635,0.000507520022462459,0.0980909444189932,0.75442155956057,5.63014398003696,0.1852,"ineq_advent","Cingulate",0.0909063986709199,0.00824249091715357,-1.317225062803,18
"69",9,"LPC1-LPC2","bin_11",0.024306611753098,0.00376617350959125,5.63014398003696,0.0184923756027506,5.63014398003696,0.1852,"ineq_advent","Cingulate",0.00265467671624418,0.0346435916871791,-6.58969330257443,18
"70",10,"LPC1-LPC2","bin_12",0.00884358061501546,0.002323371289057,2.01648214136943,0.156977247849364,5.63014398003696,0.1852,"ineq_advent","Cingulate",0.0420667826322218,0.0138316474554558,-1.88929788381371,18
"71",11,"LPC1-LPC2","bin_13",0.000737821032268438,0.000659420857822042,0.166870673985602,0.683294833674458,5.63014398003696,0.1852,"ineq_advent","Cingulate",0.0280824392287367,0.0167899786152876,-3.39010094109458,18
"72",12,"LPC1-LPC2","bin_14",0.00166330048156642,0.00100661634530331,0.376532195015306,0.540082125162168,5.63014398003696,0.1852,"ineq_advent","Cingulate",0.084209976470083,0.00878664300401122,-1.37195277840248,18
"73",1,"LIN1-LIN2","bin_3",0.00131968256737984,0.000890760719023247,0.29864237336185,0.585273893129362,1.73084507341423,0.9217,"ineq_advent","Insula",0.776059543197238,-0.0041222402390424,0.8180024171105,18
"74",2,"LIN1-LIN2","bin_4",0.000166606536253294,0.000310697010163833,0.0376593514873534,0.846303080536263,1.73084507341423,0.9217,"ineq_advent","Insula",0.669935155634137,-0.00367836030236757,0.477869189349732,18
"75",3,"LIN1-LIN2","bin_5",0.00012694834281247,0.000261746340414545,0.0286939681273208,0.865639098360919,1.73084507341423,0.9217,"ineq_advent","Insula",0.734020534664575,-0.00397842658718983,0.497131284622729,18
"76",4,"LIN1-LIN2","bin_6",0.00150366855644397,0.000962146994067599,0.340340853596364,0.560214264183458,1.73084507341423,0.9217,"ineq_advent","Insula",0.81046248210116,-0.00421643918797687,1.77164938867496,18
"77",5,"LIN1-LIN2","bin_7",0.00145395471211969,0.000939429338174268,0.329072221045466,0.566776321089305,1.73084507341423,0.9217,"ineq_advent","Insula",0.986685998505285,-0.0044870234587171,0.83487735067399,18
"78",6,"LIN1-LIN2","bin_8",0.00391465689516294,0.00148812404405202,0.888189415124953,0.346974762259123,1.73084507341423,0.9217,"ineq_advent","Insula",0.932159534221992,-0.0044359296696006,4.74960581698094,18
"79",7,"LIN1-LIN2","bin_9",0.00398466982623443,0.00142185284125939,0.904138072424923,0.342690322004146,1.73084507341423,0.9217,"ineq_advent","Insula",0.761081988607108,-0.00407007106471236,0.816333633607032,18
"80",8,"LIN1-LIN2","bin_10",0.00760039806138803,0.00216445142905948,1.73084507341423,0.189636065828023,1.73084507341423,0.9217,"ineq_advent","Insula",0.273726265851962,0.000873445814893903,0.135162495007027,18
"81",9,"LIN1-LIN2","bin_11",0.00707013769575665,0.00212673202988828,1.60922858693458,0.205905364153259,1.73084507341423,0.9217,"ineq_advent","Insula",0.434346063717498,-0.0017148045066272,-0.182095584947361,18
"82",10,"LIN1-LIN2","bin_12",0.0011246594202597,0.000775270540304148,0.254459208925081,0.614444020305563,1.73084507341423,0.9217,"ineq_advent","Insula",0.487583552258322,-0.00229747008945325,-0.494924700243649,18
"83",11,"LIN1-LIN2","bin_13",0.00224063709792181,0.00112541967941053,0.507521154857884,0.476948729852402,1.73084507341423,0.9217,"ineq_advent","Insula",0.139108169909776,0.0051681415214857,0.32607107451063,18
"84",12,"LIN1-LIN2","bin_14",0.000529602040297552,0.000548408966490742,0.119753482796068,0.729623946497218,1.73084507341423,0.9217,"ineq_advent","Insula",0.112527489942412,0.00661502438511175,0.503799585014365,18
"85",1,"LIN2-LIN3","bin_3",0.00886295620683354,0.00215587865407063,2.02093960193297,0.156521590869642,5.58275120024824,0.1967,"ineq_advent","Insula",0.743894842729259,-0.00395239536694114,-0.470191766255376,18
"86",2,"LIN2-LIN3","bin_4",0.024106938756509,0.00347689085599062,5.58275120024824,0.0189865974242137,5.58275120024824,0.1967,"ineq_advent","Insula",0.749382281526869,-0.00390681216930056,-0.156441097213748,18
"87",3,"LIN2-LIN3","bin_5",0.00686366823125782,0.0019029659509788,1.56190944852622,0.212678518669617,5.58275120024824,0.1967,"ineq_advent","Insula",0.470734718436981,-0.00214343839285891,0.687318279637919,18
"88",4,"LIN2-LIN3","bin_6",0.000946724184675727,0.000768723472356106,0.214162418477736,0.643969595192823,5.58275120024824,0.1967,"ineq_advent","Insula",0.333291115963937,-0.000286695632624179,0.0329567547254137,18
"89",5,"LIN2-LIN3","bin_7",2.05195274279643e-05,0.000111461555769512,0.00463750835819988,0.945766835164127,5.58275120024824,0.1967,"ineq_advent","Insula",0.889534845904485,-0.00438372784266949,3.23046154619487,18
"90",6,"LIN2-LIN3","bin_8",0.00394194801972169,0.00151225706132852,0.894405954237234,0.34529614657447,5.58275120024824,0.1967,"ineq_advent","Insula",0.856165277541062,-0.0043077212825916,-2.0082513450112,18
"91",7,"LIN2-LIN3","bin_9",0.0099211672010241,0.00244648048948727,2.26465177635678,0.133752223083743,5.58275120024824,0.1967,"ineq_advent","Insula",0.39326106250868,-0.00120893782683673,0.632596353327598,18
"92",8,"LIN2-LIN3","bin_10",0.000477055723136014,0.000564200916271411,0.107866051545961,0.742890908203094,5.58275120024824,0.1967,"ineq_advent","Insula",0.631496285205914,-0.00346273461152324,0.41105006855357,18
"93",9,"LIN2-LIN3","bin_11",1.04138086861624e-05,7.63822175401913e-05,0.00235354527244291,0.961349969087767,5.58275120024824,0.1967,"ineq_advent","Insula",0.723363803217242,-0.00393691807916485,0.449834542582003,18
"94",10,"LIN2-LIN3","bin_12",0.000322327497866788,0.000396746398723609,0.0728695023622612,0.787450035262893,5.58275120024824,0.1967,"ineq_advent","Insula",0.293737826217547,0.000458698005150415,-0.0556535913680292,18
"95",11,"LIN2-LIN3","bin_13",3.65960015981479e-05,0.000136894384362345,0.00827099904667577,0.927616821523355,5.58275120024824,0.1967,"ineq_advent","Insula",0.375379199771864,-0.000959439951052188,0.141890382747514,18
"96",12,"LIN2-LIN3","bin_14",0.000153215317445123,0.000292373435379494,0.0346319678905518,0.852535886593659,5.58275120024824,0.1967,"ineq_advent","Insula",0.186317792714254,0.00331278813081204,-1.82652234607145,18
"97",1,"LIN3-LIN4","bin_3",0.000198436683090123,0.000322690872103513,0.044855591373138,0.832460662564927,2.81802282676552,0.6932,"ineq_advent","Insula",0.327442546242996,-0.000183016810661796,0.0477986818960206,18
"98",2,"LIN3-LIN4","bin_4",0.00916405275145388,0.00222602886227556,2.09023090813343,0.149628948406204,2.81802282676552,0.6932,"ineq_advent","Insula",0.865011532445828,-0.00430864880658999,-0.716613831752257,18
"99",3,"LIN3-LIN4","bin_5",0.0113501493382743,0.00250412114830222,2.59458265100944,0.108625427451125,2.81802282676552,0.6932,"ineq_advent","Insula",0.818132617767227,-0.00418753301627417,-0.445863044743019,18
"100",4,"LIN3-LIN4","bin_6",0.0123155632233524,0.00254766263997551,2.81802282676552,0.0945932463298902,2.81802282676552,0.6932,"ineq_advent","Insula",0.301352800147791,0.000303223499354077,-0.432303073879706,18
"101",5,"LIN3-LIN4","bin_7",0.00150443066568466,0.000876196621304836,0.340513609561039,0.560114802340625,2.81802282676552,0.6932,"ineq_advent","Insula",0.591251832002551,-0.00319835501287669,0.395996716569894,18
"102",6,"LIN3-LIN4","bin_8",0.000599776869465467,0.000565431529332747,0.135630920788269,0.71300841269079,2.81802282676552,0.6932,"ineq_advent","Insula",0.984794131755319,-0.00448711585978656,0.818695095348913,18
"103",7,"LIN3-LIN4","bin_9",0.000158015370829414,0.000299616594000973,0.0357171176610397,0.850270475209642,2.81802282676552,0.6932,"ineq_advent","Insula",0.775564029612603,-0.00413470324793308,0.48736246886112,18
"104",8,"LIN3-LIN4","bin_10",0.00194334035284654,0.00105526540311736,0.440050086834338,0.507774354118325,2.81802282676552,0.6932,"ineq_advent","Insula",0.260514145583587,0.00118071237360029,6.49947832953615,18
"105",9,"LIN3-LIN4","bin_11",0.00864592944109923,0.0023755186986163,1.97102136534006,0.161712141917975,2.81802282676552,0.6932,"ineq_advent","Insula",0.326058943463684,-0.000157050051396435,-0.0306055738980136,18
"106",10,"LIN3-LIN4","bin_12",0.000723439139814272,0.000659636339859767,0.163615611535295,0.686231843905177,2.81802282676552,0.6932,"ineq_advent","Insula",0.972005045465497,-0.00449325842265891,0.580785890871095,18
"107",11,"LIN3-LIN4","bin_13",0.00164399928112044,0.000907112331844198,0.372155661172651,0.54244449053806,2.81802282676552,0.6932,"ineq_advent","Insula",0.739712402086374,-0.0039485763034981,-0.746836402704674,18
"108",12,"LIN3-LIN4","bin_14",3.62259067320956e-05,0.000141585924082404,0.00818735151568601,0.927982762646232,2.81802282676552,0.6932,"ineq_advent","Insula",0.577858166924657,-0.00309605964257176,0.510518935004866,18
"109",1,"LIN4-LIN5","bin_3",0.00132863996144651,0.000875091977459483,0.300672116275888,0.584002602955018,2.63376354425243,0.7415,"ineq_advent","Insula",0.0607620693604845,0.0109794171821191,1.49649412508099,18
"110",2,"LIN4-LIN5","bin_4",0.000342809536992223,0.000455052121448861,0.0775015236216714,0.780966804268608,2.63376354425243,0.7415,"ineq_advent","Insula",0.630952980178406,-0.00345321442772084,0.522115612153943,18
"111",3,"LIN4-LIN5","bin_5",0.00110095075493903,0.000827882539729492,0.249089105454917,0.618202659760897,2.63376354425243,0.7415,"ineq_advent","Insula",0.677861340751995,-0.0037213543688992,0.454923152469423,18
"112",4,"LIN4-LIN5","bin_6",0.00116765005770409,0.000838463044939378,0.264197403154163,0.607753238766174,2.63376354425243,0.7415,"ineq_advent","Insula",0.704289925513852,-0.00382834924501441,1.52468563248688,18
"113",5,"LIN4-LIN5","bin_7",0.0101498812098926,0.00240426347954567,2.31739443163327,0.129332116785074,2.63376354425243,0.7415,"ineq_advent","Insula",0.479204935993122,-0.00222125443852406,-1.69400759435128,18
"114",6,"LIN4-LIN5","bin_8",0.0115195739396673,0.00261303466031104,2.63376354425243,0.106007532476833,2.63376354425243,0.7415,"ineq_advent","Insula",0.522651401217449,-0.00263168890784227,-2.0259421317601,18
"115",7,"LIN4-LIN5","bin_9",0.00932867974278327,0.002320690068252,2.12813430525235,0.146005088920832,2.63376354425243,0.7415,"ineq_advent","Insula",0.48333205536301,-0.00226519506787759,-7.80797501959716,18
"116",8,"LIN4-LIN5","bin_10",0.00208159875267746,0.00115671157592992,0.471422630865499,0.493037278560001,2.63376354425243,0.7415,"ineq_advent","Insula",0.529531136289114,-0.00270456479804637,0.749242588283925,18
"117",9,"LIN4-LIN5","bin_11",0.000111335357830826,0.000259058202667896,0.025164592578686,0.874099281616688,2.63376354425243,0.7415,"ineq_advent","Insula",0.611670588392988,-0.00333444977364894,0.447915510138961,18
"118",10,"LIN4-LIN5","bin_12",0.000449848836294925,0.000479671594077244,0.101711591843882,0.750079807580349,2.63376354425243,0.7415,"ineq_advent","Insula",0.24617432551886,0.0015298954597347,4.03189965311162,18
"119",11,"LIN4-LIN5","bin_13",0.000120202821969405,0.000254673935718916,0.0271691035680048,0.869224708161138,2.63376354425243,0.7415,"ineq_advent","Insula",0.647530990223723,-0.00355242545713197,0.509681263346559,18
"120",12,"LIN4-LIN5","bin_14",0.0012639788461725,0.000891460421057906,0.286020743404214,0.593307666146732,2.63376354425243,0.7415,"ineq_advent","Insula",0.625473806167325,-0.00342485683167504,0.418582051923222,18
"121",1,"LIN9-LIN10","bin_3",0.00149943767425461,0.000792726855075263,0.339381796232769,0.560767044644743,3.62724001820672,0.5123,"ineq_advent","Insula",0.571605457785462,-0.00304239371526216,0.83642328428209,18
"122",2,"LIN9-LIN10","bin_4",0.00116115792837489,0.000708892013997351,0.262726759072019,0.608753581779925,3.62724001820672,0.5123,"ineq_advent","Insula",0.963588754191047,-0.0044805713033953,0.778786290811786,18
"123",3,"LIN9-LIN10","bin_5",0.000682756614382823,0.000623991843956456,0.154408418219374,0.69472801177309,3.62724001820672,0.5123,"ineq_advent","Insula",0.56009085793954,-0.00295610553600989,0.718229227707893,18
"124",4,"LIN9-LIN10","bin_6",0.000274041651010178,0.000435772059072084,0.0619503901154883,0.803665453184632,3.62724001820672,0.5123,"ineq_advent","Insula",0.82432298170735,-0.00425646728778939,1.37772801528135,18
"125",5,"LIN9-LIN10","bin_7",0.00134462755731191,0.000942157277596276,0.304294991383458,0.581747301808267,3.62724001820672,0.5123,"ineq_advent","Insula",0.536571626112727,-0.00276770226618961,0.579219153134228,18
"126",6,"LIN9-LIN10","bin_8",0.00154670835046502,0.000967574043731945,0.350097586064939,0.55464929583742,3.62724001820672,0.5123,"ineq_advent","Insula",0.764203344266618,-0.00409184196357182,0.538087025580917,18
"127",7,"LIN9-LIN10","bin_9",0.00475675598652424,0.00194967159915484,1.08016493397058,0.299771285476326,3.62724001820672,0.5123,"ineq_advent","Insula",0.206908580299957,0.00264927970493378,-0.331908655347534,18
"128",8,"LIN9-LIN10","bin_10",0.000483183402321654,0.000646281762317983,0.109252237792662,0.741303281209969,3.62724001820672,0.5123,"ineq_advent","Insula",0.0895494546420161,0.00821959956683394,0.880595561795774,18
"129",9,"LIN9-LIN10","bin_11",7.55544636436269e-06,7.65868397235222e-05,0.00170754377960141,0.967075329003122,3.62724001820672,0.5123,"ineq_advent","Insula",0.632390652957691,-0.00341101505560093,-0.41625937281303,18
"130",10,"LIN9-LIN10","bin_12",0.00326119494860346,0.00147927508214696,0.739441521338559,0.390751084823144,3.62724001820672,0.5123,"ineq_advent","Insula",0.0197988328976124,0.0194576658277432,-2.4897008276342,18
"131",11,"LIN9-LIN10","bin_13",0.0157962096218163,0.00367287350164546,3.62724001820672,0.0581108304115671,3.62724001820672,0.5123,"ineq_advent","Insula",0.000849987557848853,0.0434453659099083,-5.08834266410474,18
"132",12,"LIN9-LIN10","bin_14",0.000766192259529039,0.00074877234306414,0.173292225815619,0.677597381003324,3.62724001820672,0.5123,"ineq_advent","Insula",0.0836482606673697,0.00883977801641156,-1.25704223901085,18
"133",1,"RIN1-RIN2","bin_3",0.00267016577239351,0.0012998678635199,0.605073110069237,0.437462475104807,1.62672230722248,0.9321,"ineq_advent","Insula",0.0571351656263276,0.011601587320148,-1.37554730908757,18
"134",2,"RIN1-RIN2","bin_4",9.91966574460264e-05,0.000252338382245961,0.0224206686381886,0.881106974240863,1.62672230722248,0.9321,"ineq_advent","Insula",0.0195840880520911,0.0193118560554447,4.90490330138367,18
"135",3,"RIN1-RIN2","bin_5",0.000312406493800772,0.000460889626865386,0.0706259315986366,0.790669866000657,1.62672230722248,0.9321,"ineq_advent","Insula",0.0182908655359808,0.0199144888259501,-24.8791248796672,18
"136",4,"RIN1-RIN2","bin_6",0.00714644700206563,0.00204066188742183,1.62672230722248,0.203466462619387,1.62672230722248,0.9321,"ineq_advent","Insula",0.124910700578572,0.00598075086208683,9.31760253362732,18
"137",5,"RIN1-RIN2","bin_7",0.00610603125838082,0.00190709818085205,1.38844092810147,0.239907752649047,1.62672230722248,0.9321,"ineq_advent","Insula",0.460964609943,-0.00203870760005165,0.699628423768909,18
"138",6,"RIN1-RIN2","bin_8",1.96207704822979e-05,0.00011224679230096,0.00443438113497381,0.946966063538056,1.62672230722248,0.9321,"ineq_advent","Insula",0.36640896891453,-0.000824900890906921,0.120805915779355,18
"139",7,"RIN1-RIN2","bin_9",0.00104528289974471,0.000852912305377749,0.236481125018398,0.62723047090054,1.62672230722248,0.9321,"ineq_advent","Insula",0.137271843815642,0.00530291355978096,0.735229017382704,18
"140",8,"RIN1-RIN2","bin_10",2.28068736595906e-05,0.000124832680540105,0.00515447100443645,0.942828829057562,1.62672230722248,0.9321,"ineq_advent","Insula",0.100223613843466,0.007518682195926,-5.08077279239831,18
"141",9,"RIN1-RIN2","bin_11",0.00265250637889662,0.00141417444802022,0.601060759128329,0.438984031805629,1.62672230722248,0.9321,"ineq_advent","Insula",0.0958818711776959,0.00782667824001593,-6.49355027127173,18
"142",10,"RIN1-RIN2","bin_12",0.0041868795945096,0.00167482643828897,0.950213216686549,0.3307072411369,1.62672230722248,0.9321,"ineq_advent","Insula",0.531506296024306,-0.0027101257480372,-4.58171226320585,18
"143",11,"RIN1-RIN2","bin_13",0.00476401583982776,0.00173375671003247,1.08182139405823,0.299401893064934,1.62672230722248,0.9321,"ineq_advent","Insula",0.293902258859613,0.000455010670636469,-0.0605114610479562,18
"144",12,"RIN1-RIN2","bin_14",0.000833553455842947,0.000795092332259504,0.188540239388614,0.664548602329644,1.62672230722248,0.9321,"ineq_advent","Insula",0.22767280718628,0.00203037667573613,-0.382370414928661,18
"145",1,"RIN2-RIN3","bin_3",0.000323710468361116,0.000434969665272142,0.0731822557118843,0.787005436216417,4.71174386861596,0.2883,"ineq_advent","Insula",0.720666492011538,-0.00390570672306745,1.05372224406903,18
"146",2,"RIN2-RIN3","bin_4",0.000952674538395683,0.000758334475662772,0.215509756335061,0.642929632067424,4.71174386861596,0.2883,"ineq_advent","Insula",0.641252397554796,-0.00351844486321728,0.458826638565965,18
"147",3,"RIN2-RIN3","bin_5",0.000189118957186864,0.000331207284082234,0.0427489689646626,0.836384830889216,4.71174386861596,0.2883,"ineq_advent","Insula",0.733612777952841,-0.00397567445217839,0.514539933900878,18
"148",4,"RIN2-RIN3","bin_6",0.00046157163793326,0.000521961180715477,0.104363361340551,0.746953661450989,4.71174386861596,0.2883,"ineq_advent","Insula",0.554971462835406,-0.00291689343607682,0.658361682678238,18
"149",5,"RIN2-RIN3","bin_7",0.000703901225274821,0.00065660290505411,0.15919373357623,0.69027665863856,4.71174386861596,0.2883,"ineq_advent","Insula",0.399272669659093,-0.00127632015379675,-0.137773528083122,18
"150",6,"RIN2-RIN3","bin_8",0.002390108260667,0.00125454623682473,0.541458611611163,0.462591869102672,4.71174386861596,0.2883,"ineq_advent","Insula",0.523342451165279,-0.00264346954436889,3.04136092178541,18
"151",7,"RIN2-RIN3","bin_9",0.00160076905186809,0.00110146784282717,0.362353850551978,0.547805277093695,4.71174386861596,0.2883,"ineq_advent","Insula",0.671223735534214,-0.00366325261222089,2.14114893231776,18
"152",8,"RIN2-RIN3","bin_10",0.0150619384040963,0.00325906676866566,3.45605293576557,0.0643204219075367,4.71174386861596,0.2883,"ineq_advent","Insula",0.54033955611039,-0.00271069062143803,-0.100391021613223,18
"153",9,"RIN2-RIN3","bin_11",0.020422644246923,0.00382310292930407,4.71174386861596,0.0309991096510409,4.71174386861596,0.2883,"ineq_advent","Insula",0.935478272263066,-0.00434825577136488,-0.222569247738515,18
"154",10,"RIN2-RIN3","bin_12",0.00348770575744989,0.00155931434020551,0.790980207407077,0.374749578432103,4.71174386861596,0.2883,"ineq_advent","Insula",0.910830998866813,-0.00441475724005258,2.90075453699841,18
"155",11,"RIN2-RIN3","bin_13",0.00153792889677009,0.00103970949043096,0.348107294938102,0.555775940771691,4.71174386861596,0.2883,"ineq_advent","Insula",0.311576447189039,0.000106483255410295,0.126407301356185,18
"156",12,"RIN2-RIN3","bin_14",0.00388476574884283,0.00164712024800597,0.881381018028998,0.348825969614596,4.71174386861596,0.2883,"ineq_advent","Insula",0.409258036158488,-0.00141228006123795,-0.260078969523126,18
"157",1,"RIN3-RIN4","bin_3",0.00144633246519181,0.000936866160112567,0.327344586235727,0.567795555906944,4.72234926012281,0.2939,"ineq_advent","Insula",0.377391454687818,-0.000988529148923778,0.157869551201399,18
"158",2,"RIN3-RIN4","bin_4",8.27353175667338e-05,0.000219292330940523,0.0186997288980906,0.891352554846516,4.72234926012281,0.2939,"ineq_advent","Insula",0.352772394924684,-0.000609258823851988,0.181040391768387,18
"159",3,"RIN3-RIN4","bin_5",0.000412454991232918,0.000475388319907808,0.0932532908038805,0.760362378575887,4.72234926012281,0.2939,"ineq_advent","Insula",0.322817029048954,-0.000100344473911163,0.0303848865979963,18
"160",4,"RIN3-RIN4","bin_6",0.000650179613690189,0.00063935980917647,0.147036192628905,0.701744385493456,4.72234926012281,0.2939,"ineq_advent","Insula",0.720762790746397,-0.00388852249668126,-4.76942702016225,18
"161",5,"RIN3-RIN4","bin_7",0.00135694571449846,0.000917214698666099,0.307086431093304,0.580021505151321,4.72234926012281,0.2939,"ineq_advent","Insula",0.07145578815942,0.00996237337997363,-1.52603982643846,18
"162",6,"RIN3-RIN4","bin_8",0.00196575283839453,0.00109346768999384,0.445135167195548,0.505334919382382,4.72234926012281,0.2939,"ineq_advent","Insula",0.0954508747214487,0.0079110458888858,-0.997822190068816,18
"163",7,"RIN3-RIN4","bin_9",0.000476095924030801,0.000527450977505609,0.107648930047783,0.743140604227392,4.72234926012281,0.2939,"ineq_advent","Insula",0.477689969137385,-0.00222242071428758,0.358373695295379,18
"164",8,"RIN3-RIN4","bin_10",0.0116132702483594,0.00251572542845372,2.65543738814535,0.104589356186728,4.72234926012281,0.2939,"ineq_advent","Insula",0.59174193428708,-0.00310546273906454,-0.139564225753787,18
"165",9,"RIN3-RIN4","bin_11",0.0204676715336263,0.00374848811801099,4.72234926012281,0.0308125207499513,4.72234926012281,0.2939,"ineq_advent","Insula",0.551957433348472,-0.00278078385041847,-0.0805835550218399,18
"166",10,"RIN3-RIN4","bin_12",0.000394657059659776,0.000496076136156377,0.0892277098287106,0.765435744991745,4.72234926012281,0.2939,"ineq_advent","Insula",0.180282304806566,0.00352715328330067,-2.50624652179106,18
"167",11,"RIN3-RIN4","bin_13",0.00339870357368734,0.00151198159879095,0.770726478490118,0.38092474679675,4.72234926012281,0.2939,"ineq_advent","Insula",0.162075332036697,0.00425980247390267,-0.523618885166145,18
"168",12,"RIN3-RIN4","bin_14",0.00253279137779858,0.00121933002109481,0.573864330009553,0.449516526830882,4.72234926012281,0.2939,"ineq_advent","Insula",0.745866950916376,-0.00401782459240674,0.6595895894015,18
"169",1,"RIN9-RIN10","bin_3",2.58258054392307e-05,0.000118362146501002,0.00583678276888232,0.939169381360277,2.64624651880223,0.729,"ineq_advent","Insula",0.792635093455154,-0.00418431500642691,0.582485982007169,18
"170",2,"RIN9-RIN10","bin_4",0.00629549966918042,0.00184456993811686,1.43179680152511,0.232725174274798,2.64624651880223,0.729,"ineq_advent","Insula",0.598020435946739,-0.00323106023693165,0.881123258353096,18
"171",3,"RIN9-RIN10","bin_5",0.00235383593665853,0.00125129514048066,0.533222038882166,0.466011639611937,2.64624651880223,0.729,"ineq_advent","Insula",0.200347566509573,0.00286085668649849,-0.322025496491192,18
"172",4,"RIN9-RIN10","bin_6",0.000284393157303133,0.000412666916116884,0.0642911375100912,0.800068354659725,2.64624651880223,0.729,"ineq_advent","Insula",0.123101660033814,0.00609209027774438,-4.92517774328406,18
"173",5,"RIN9-RIN10","bin_7",0.00174581621524157,0.00102115619506521,0.39524448888227,0.530190354813834,2.64624651880223,0.729,"ineq_advent","Insula",0.217710198888643,0.00229653413226927,0.801758297712156,18
"174",6,"RIN9-RIN10","bin_8",0.0033681999884081,0.00139207747998305,0.763785780637722,0.383074077171549,2.64624651880223,0.729,"ineq_advent","Insula",0.717631213475815,-0.00383613294372531,-0.353568998797168,18
"175",7,"RIN9-RIN10","bin_9",0.00635638302026938,0.00202757010903173,1.44573219012605,0.230472254284088,2.64624651880223,0.729,"ineq_advent","Insula",0.374890460231516,-0.000950231325872908,0.204037625048964,18
"176",8,"RIN9-RIN10","bin_10",0.0115735401699875,0.00270965152487882,2.64624651880223,0.105188167012484,2.64624651880223,0.729,"ineq_advent","Insula",0.683897581955641,-0.00370417297032166,-0.796461462130794,18
"177",9,"RIN9-RIN10","bin_11",0.0094208050867572,0.00219212360598183,2.14935056231784,0.144020178663476,2.64624651880223,0.729,"ineq_advent","Insula",0.074221028868916,0.00931801761672246,0.290396048267053,18
"178",10,"RIN9-RIN10","bin_12",4.55926349403548e-05,0.000166741924074168,0.0103044053015094,0.919235132673254,2.64624651880223,0.729,"ineq_advent","Insula",0.0417653024463805,0.0136226007164619,1.16517695249573,18
"179",11,"RIN9-RIN10","bin_13",0.000271954405825928,0.000410578108442691,0.0614784150424938,0.804399455967936,2.64624651880223,0.729,"ineq_advent","Insula",0.746251250606002,-0.00401676753681413,0.736225145424041,18
"180",12,"RIN9-RIN10","bin_14",0.00119975248988056,0.000862046876334792,0.271469759232573,0.602857680335495,2.64624651880223,0.729,"ineq_advent","Insula",0.477832235252118,-0.00222956891981352,0.254120041158065,18
"181",1,"LOF1-LOF2","bin_3",0.00340012932851961,0.00136739520166691,0.771050901027797,0.380824702139238,5.52831135065005,0.1983,"ineq_advent","OFC",0.514577535185277,-0.00257930188241096,0.411377386435741,18
"182",2,"LOF1-LOF2","bin_4",0.0178612540329959,0.00347120327416047,4.11005413240533,0.0438029728103766,5.52831135065005,0.1983,"ineq_advent","OFC",0.263170098571638,0.0011111127948904,0.162466453082216,18
"183",3,"LOF1-LOF2","bin_5",0.00403091406984026,0.00180636300395876,0.914673550266981,0.339899335616262,5.52831135065005,0.1983,"ineq_advent","OFC",0.325646174937297,-0.000149738114347264,-0.0282163673621493,18
"184",4,"LOF1-LOF2","bin_6",1.54395293426783e-05,0.000115472392829206,0.00348938750594608,0.952947725474035,5.52831135065005,0.1983,"ineq_advent","OFC",0.756735641493274,-0.00406970672099982,0.462066581897322,18
"185",5,"LOF1-LOF2","bin_7",0.00633299314275975,0.00233461191999549,1.44037835651852,0.231334660989573,5.52831135065005,0.1983,"ineq_advent","OFC",0.186248953637019,0.00331040115784575,-9.13590612879143,18
"186",6,"LOF1-LOF2","bin_8",0.0238774745014981,0.00487087343240275,5.52831135065005,0.0195713202234187,5.52831135065005,0.1983,"ineq_advent","OFC",0.0166762052306334,0.0205825239981261,56.9843542033797,18
"187",7,"LOF1-LOF2","bin_9",0.0133920119677549,0.00325947513539307,3.06767707278453,0.0812200363009274,5.52831135065005,0.1983,"ineq_advent","OFC",0.00660373442254951,0.0275661085975515,-368.726797933138,18
"188",8,"LOF1-LOF2","bin_10",0.00633523809425742,0.00195691248104178,1.44089220448575,0.231251719784728,5.52831135065005,0.1983,"ineq_advent","OFC",0.0347708661713088,0.0152592932035698,-1.77636316890727,18
"189",9,"LOF1-LOF2","bin_11",6.77644355965926e-05,0.00021716537763205,0.0153158003113937,0.901617657134625,5.52831135065005,0.1983,"ineq_advent","OFC",0.249114609769013,0.00146261992002006,-0.367233253845571,18
"190",10,"LOF1-LOF2","bin_12",0.00011033076030419,0.00030499528265627,0.0249375032024353,0.874663894941556,5.52831135065005,0.1983,"ineq_advent","OFC",0.302947110636396,0.000272946633030458,-0.0658300942057263,18
"191",11,"LOF1-LOF2","bin_13",0.00237245815387446,0.00154808981538942,0.537450621885826,0.464250923724785,5.52831135065005,0.1983,"ineq_advent","OFC",0.934931814453944,-0.00445329324948873,1.04510325214357,18
"192",12,"LOF1-LOF2","bin_14",0.0163787138151073,0.00374975024426272,3.76322612595276,0.0536356897779571,5.52831135065005,0.1983,"ineq_advent","OFC",0.604728287160004,-0.00323720309311515,-0.390043924959276,18
"193",1,"LOF2-LOF3","bin_3",0.0155415001678684,0.00279068010871304,3.56782844430434,0.0601898322949518,22.3259029573347,0,"ineq_advent","OFC",0.182406748610617,0.00344582128285131,-31.547691319366,18
"194",2,"LOF2-LOF3","bin_4",0.0189727058090302,0.00364430566893713,4.37075659182032,0.0376784849891168,22.3259029573347,0,"ineq_advent","OFC",0.674486998728496,-0.00362651672011338,-0.28118203664311,18
"195",3,"LOF2-LOF3","bin_5",0.00901277606683388,0.00262893307167471,2.05541236245224,0.153048234592831,22.3259029573347,0,"ineq_advent","OFC",0.503427551594858,-0.00246397470771154,1.8465730908713,18
"196",4,"LOF2-LOF3","bin_6",0.00703689449508132,0.00233650924927688,1.60160850596729,0.206978560243832,22.3259029573347,0,"ineq_advent","OFC",0.194272610171841,0.00305431494350827,-0.47570591258763,18
"197",5,"LOF2-LOF3","bin_7",2.04226889631828e-05,0.000130932174362102,0.00461562196909116,0.945894763176212,22.3259029573347,0,"ineq_advent","OFC",0.601633151467883,-0.0032510987576011,1.41456251115804,18
"198",6,"LOF2-LOF3","bin_8",0.0206272538114822,0.00403607240642909,4.75994393303001,0.0301605335056464,22.3259029573347,0,"ineq_advent","OFC",0.201698905382649,0.00274822814633391,0.174066439083245,18
"199",7,"LOF2-LOF3","bin_9",0.0403568040971285,0.00540445644579092,9.50419673154664,0.00230498653707231,22.3259029573347,0,"ineq_advent","OFC",0.00471029296746953,0.0296246512941408,1.8016572492092,18
"200",8,"LOF2-LOF3","bin_10",0.0344428847061085,0.00495611553550386,8.06176229275804,0.00493296725022285,22.3259029573347,0,"ineq_advent","OFC",0.0243784048506948,0.0176332352680764,2.53378443859427,18
"201",9,"LOF2-LOF3","bin_11",0.013853732919786,0.00337917131623755,3.17492824785693,0.0761192000604985,22.3259029573347,0,"ineq_advent","OFC",0.155076268286726,0.00453141212553365,-1.77849763198493,18
"202",10,"LOF2-LOF3","bin_12",0.00529392636335617,0.00205251711023056,1.20279486556703,0.273931005756537,22.3259029573347,0,"ineq_advent","OFC",0.13757758408994,0.00529456652507632,0.887232098358587,18
"203",11,"LOF2-LOF3","bin_13",0.00150709049335463,0.00110655004784236,0.341116545000242,0.559767935652757,22.3259029573347,0,"ineq_advent","OFC",0.623730672178394,-0.00339721105551583,1.05219252563457,18
"204",12,"LOF2-LOF3","bin_14",0.0271801555370109,0.00482720327196372,6.31433989173537,0.0126743348613275,22.3259029573347,0,"ineq_advent","OFC",0.427455580786559,-0.00161889496631928,-0.0905301621423099,18
"205",1,"LOF3-LOF4","bin_3",0.00297926316052935,0.0012301900698107,0.67532544650377,0.412067152898595,9.34956689946282,0.0382,"ineq_advent","OFC",0.0754324617705911,0.0095833113575623,-1.27136931948098,18
"206",2,"LOF3-LOF4","bin_4",0.000316209041310736,0.000405282455241072,0.071485847807629,0.789429378461516,9.34956689946282,0.0382,"ineq_advent","OFC",0.0243289457665367,0.0178220587876635,-6.31513652023094,18
"207",3,"LOF3-LOF4","bin_5",0.002335301319837,0.00111717157522188,0.529013504217774,0.467774675747945,9.34956689946282,0.0382,"ineq_advent","OFC",0.0929752689260011,0.00810263965991109,-0.936329796260099,18
"208",4,"LOF3-LOF4","bin_6",0.00474251512081709,0.00163559116368318,1.07691570632576,0.300497580465039,9.34956689946282,0.0382,"ineq_advent","OFC",0.124112610821515,0.00603058406178802,-17.440967435989,18
"209",5,"LOF3-LOF4","bin_7",0.0103051003422605,0.00252408326595459,2.35320266695957,0.126424605408418,9.34956689946282,0.0382,"ineq_advent","OFC",0.132632535798909,0.00552910930562278,0.670998369691683,18
"210",6,"LOF3-LOF4","bin_8",0.0179780095654174,0.00334048932812598,4.13741260517627,0.0431134169739401,9.34956689946282,0.0382,"ineq_advent","OFC",0.13929633467453,0.0052219342578016,1.34943683387811,18
"211",7,"LOF3-LOF4","bin_9",0.0132568810428321,0.00293505791723766,3.03630707741485,0.0827812116216552,9.34956689946282,0.0382,"ineq_advent","OFC",0.293100258120115,0.000467053113899274,0.259256409530488,18
"212",8,"LOF3-LOF4","bin_10",0.0201005721332073,0.00371584679574823,4.63591382229319,0.03236832747334,9.34956689946282,0.0382,"ineq_advent","OFC",0.180084935057775,0.00351639219477529,0.955612003800539,18
"213",9,"LOF3-LOF4","bin_11",0.0204307504748884,0.00370205521272153,4.71365307716963,0.0309654320654513,9.34956689946282,0.0382,"ineq_advent","OFC",0.00257147209744785,0.0349510108382753,-4.90261465718926,18
"214",10,"LOF3-LOF4","bin_12",0.00204429870900017,0.00112104733389652,0.462957932537846,0.496941258881849,9.34956689946282,0.0382,"ineq_advent","OFC",0.0489664521539644,0.0127211337536857,-1.63763858028095,18
"215",11,"LOF3-LOF4","bin_13",0.000302099638963559,0.000399949622565144,0.0682951503460267,0.794073403425367,9.34956689946282,0.0382,"ineq_advent","OFC",0.577363075713946,-0.00309446177181405,0.460083708726509,18
"216",12,"LOF3-LOF4","bin_14",5.98496270179952e-05,0.000185171702579405,0.0135268252815147,0.907514199374897,9.34956689946282,0.0382,"ineq_advent","OFC",0.0589430494094121,0.0113043893096576,-5.15666726194092,18
"217",1,"ROF1-ROF2","bin_3",0.00416130880289072,0.00149599263041872,0.944385669854593,0.332191436048912,3.25918820096612,0.5916,"ineq_advent","OFC",0.578338841858316,-0.00304469876766311,-0.259157456987715,18
"218",2,"ROF1-ROF2","bin_4",0.00281311384519202,0.00133636163226006,0.637557250140871,0.425435000164003,3.25918820096612,0.5916,"ineq_advent","OFC",0.491447698509451,-0.00232877300431733,-0.314680340079647,18
"219",3,"ROF1-ROF2","bin_5",0.00591638213448323,0.00202542739103087,1.34506025284293,0.247367333694822,3.25918820096612,0.5916,"ineq_advent","OFC",0.576113874055997,-0.00301570157477138,-0.188793303671364,18
"220",4,"ROF1-ROF2","bin_6",0.00688268887315035,0.00206020334794139,1.56626781942511,0.212043687616228,3.25918820096612,0.5916,"ineq_advent","OFC",0.480099553642341,-0.00221154993521377,-0.227542359078976,18
"221",5,"ROF1-ROF2","bin_7",0.00851028521204073,0.00218863186639321,1.93983298992923,0.16505527745774,3.25918820096612,0.5916,"ineq_advent","OFC",0.872176393433049,-0.00430647511523363,-0.448613859185772,18
"222",6,"ROF1-ROF2","bin_8",0.014216172649574,0.00319688958759397,3.25918820096612,0.0723550836367902,3.25918820096612,0.5916,"ineq_advent","OFC",0.53018556280687,-0.00263639211876132,-0.111146527622113,18
"223",7,"ROF1-ROF2","bin_9",0.00424123532018772,0.00217042587213755,0.962601803129132,0.327581346756478,3.25918820096612,0.5916,"ineq_advent","OFC",0.971133700450578,-0.00440864126058182,-0.394907022048847,18
"224",8,"ROF1-ROF2","bin_10",0.00259151367556424,0.00173322582110624,0.58720383745262,0.444302064620017,3.25918820096612,0.5916,"ineq_advent","OFC",0.714493564052644,-0.00387528285510141,1.39166027608977,18
"225",9,"ROF1-ROF2","bin_11",0.00144763426237215,0.00130679902742781,0.327639645672894,0.567621230060818,3.25918820096612,0.5916,"ineq_advent","OFC",0.796880458779415,-0.00417435828793722,2.46605886758312,18
"226",10,"ROF1-ROF2","bin_12",0.00177561341425355,0.00138355785941167,0.40200243253307,0.526698135307461,3.25918820096612,0.5916,"ineq_advent","OFC",0.205519080919398,0.0026945253888242,-0.313599683842446,18
"227",11,"ROF1-ROF2","bin_13",0.00598397582940618,0.00250368280586592,1.36051985537579,0.244676775655728,3.25918820096612,0.5916,"ineq_advent","OFC",0.335379881811042,-0.000321910141160453,0.0552786620227323,18
"228",12,"ROF1-ROF2","bin_14",0.00398912286335935,0.00179728294426233,0.905152531778559,0.342420231956514,3.25918820096612,0.5916,"ineq_advent","OFC",0.696510439327572,-0.00378328218852264,20.2646837674999,18
"229",1,"ROF2-ROF3","bin_3",0.0082072547837933,0.00222058421601734,1.87018869626127,0.172811900151551,3.08475216814635,0.64,"ineq_advent","OFC",0.041766025937802,0.013870018610825,-2.21290854751556,18
"230",2,"ROF2-ROF3","bin_4",0.00890265306181578,0.00227166957685635,2.03007262423421,0.155592694761521,3.08475216814635,0.64,"ineq_advent","OFC",0.00437804252506221,0.0309075345295508,-4.05330109580315,18
"231",3,"ROF2-ROF3","bin_5",0.00158279583554241,0.00100181319658677,0.358278941248755,0.550063061582162,3.08475216814635,0.64,"ineq_advent","OFC",0.391493583109866,-0.00119211257937568,0.143547434657611,18
"232",4,"ROF2-ROF3","bin_6",0.00183505219717624,0.00109191781567315,0.415484231814314,0.5198526836744,3.08475216814635,0.64,"ineq_advent","OFC",0.628094653413918,-0.00342436358351828,1.04232729703194,18
"233",5,"ROF2-ROF3","bin_7",0.0109120936692898,0.00246463876382493,2.49334073693033,0.115727410541,3.08475216814635,0.64,"ineq_advent","OFC",0.405988992213004,-0.00137858864504614,1.57089712077604,18
"234",6,"ROF2-ROF3","bin_8",0.0103216388153714,0.00247312689900249,2.35701866764243,0.126119097868086,3.08475216814635,0.64,"ineq_advent","OFC",0.431258511057525,-0.00169580654403245,1.88208194419638,18
"235",7,"ROF2-ROF3","bin_9",0.0134655499283609,0.00276323913762085,3.08475216814635,0.0803837304760633,3.08475216814635,0.64,"ineq_advent","OFC",0.296058631326874,0.000407825282624841,0.57114967809665,18
"236",8,"ROF2-ROF3","bin_10",0.0109875498078422,0.00256740692017229,2.51077350552046,0.114468686848498,3.08475216814635,0.64,"ineq_advent","OFC",0.361811039247086,-0.000750045904990504,0.545876804578565,18
"237",9,"ROF2-ROF3","bin_11",0.00327807533579918,0.00143656648759667,0.74328155883619,0.389525570466439,3.08475216814635,0.64,"ineq_advent","OFC",0.256510583108759,0.00128621480085744,-0.16248922840477,18
"238",10,"ROF2-ROF3","bin_12",0.000113969563348793,0.000276012485008847,0.0257600571792958,0.872631062415438,3.08475216814635,0.64,"ineq_advent","OFC",0.198353191016034,0.00292034552870102,-0.42186222261992,18
"239",11,"ROF2-ROF3","bin_13",0.000232152021088688,0.000442367663593426,0.0524785397651136,0.819012393476375,3.08475216814635,0.64,"ineq_advent","OFC",0.616088818513287,-0.00336611965193945,0.402522676481667,18
"240",12,"ROF2-ROF3","bin_14",0.00797041353972525,0.00251495332523674,1.8157860255008,0.179165035842309,3.08475216814635,0.64,"ineq_advent","OFC",0.778349865145747,-0.00410802819215828,-15.0812486069472,18
"241",1,"ROF3-ROF4","bin_3",0.00118243184605469,0.000868584336590106,0.267545952062361,0.605488603982979,3.14944968625703,0.6229,"ineq_advent","OFC",0.38755567871612,-0.00112704343729386,-2.7596217617218,18
"242",2,"ROF3-ROF4","bin_4",0.000924913713295806,0.000743888713259436,0.209224013363963,0.64781569945532,3.14944968625703,0.6229,"ineq_advent","OFC",0.119510565052944,0.00631845095120531,-1.29925211174733,18
"243",3,"ROF3-ROF4","bin_5",0.0124471239549667,0.00273766042891882,2.84850571757558,0.0928384181080285,3.14944968625703,0.6229,"ineq_advent","OFC",0.140433818221155,0.00520672887014628,-1.38097194517705,18
"244",4,"ROF3-ROF4","bin_6",0.0137440857508894,0.00306184857704443,3.14944968625703,0.0772987000305876,3.14944968625703,0.6229,"ineq_advent","OFC",0.183706535232167,0.00340327970039855,-2.69638557545601,18
"245",5,"ROF3-ROF4","bin_7",0.00134380060266164,0.000994929644336865,0.304107596172541,0.581863527857505,3.14944968625703,0.6229,"ineq_advent","OFC",0.708700139900618,-0.00386977883376627,0.479129052302408,18
"246",6,"ROF3-ROF4","bin_8",0.000235698239035211,0.000382738524591762,0.0532803601090106,0.817659279412483,3.14944968625703,0.6229,"ineq_advent","OFC",0.897076344480925,-0.00442715909861158,0.512696058660961,18
"247",7,"ROF3-ROF4","bin_9",0.000601636490546044,0.000614509147690107,0.136051700531046,0.712583451272423,3.14944968625703,0.6229,"ineq_advent","OFC",0.410870945999707,-0.0014418625386543,2.01680620139123,18
"248",8,"ROF3-ROF4","bin_10",0.00346518967484147,0.0015424880441096,0.785856006634272,0.376298457077501,3.14944968625703,0.6229,"ineq_advent","OFC",0.252956800304479,0.0013520663050135,0.182832569300887,18
"249",9,"ROF3-ROF4","bin_11",0.00203629127711904,0.00109980118876301,0.461140845710547,0.497786124427689,3.14944968625703,0.6229,"ineq_advent","OFC",0.0493256520295159,0.0125673252469553,60.8210984661736,18
"250",10,"ROF3-ROF4","bin_12",0.00195200369036696,0.00105808750483529,0.442015650203329,0.506829026163956,3.14944968625703,0.6229,"ineq_advent","OFC",0.000546162799709325,0.0463537492246111,36.6663701295732,18
"251",11,"ROF3-ROF4","bin_13",0.000117328739598337,0.000282710827266005,0.0265194066377798,0.870783787740717,3.14944968625703,0.6229,"ineq_advent","OFC",0.151280373467043,0.00471286040455499,-0.81932760446006,18
"252",12,"ROF3-ROF4","bin_14",0.000848109111516791,0.000792064639760095,0.191835356516567,0.661811760002213,3.14944968625703,0.6229,"ineq_advent","OFC",0.90550980762175,-0.0044192357949453,1.07268311485785,18
"253",1,"LHH5-LHH6","bin_3",0.000411402281265274,0.000533724070744676,0.0930151822241113,0.760659094578007,9.33312660863141,0.0432,"ineq_advent","STS",0.585675889186274,-0.00314922293694764,0.630650614954157,18
"254",2,"LHH5-LHH6","bin_4",0.00110785121908416,0.000871900159303785,0.250652060704037,0.617103525925574,9.33312660863141,0.0432,"ineq_advent","STS",0.576792974380434,-0.00308371887725589,0.671617341812501,18
"255",3,"LHH5-LHH6","bin_5",0.00409196743755732,0.00170754586111927,0.928584377925449,0.336260985518539,9.33312660863141,0.0432,"ineq_advent","STS",0.608467578852318,-0.00328559117342264,-3.21865407329042,18
"256",4,"LHH5-LHH6","bin_6",0.0113063690079107,0.00271348194990966,2.58446025714134,0.109313318805722,9.33312660863141,0.0432,"ineq_advent","STS",0.322949567226322,-0.000102520337257994,0.0830707386847489,18
"257",5,"LHH5-LHH6","bin_7",0.0308061981755696,0.00458680607263918,7.18349702048541,0.00789954494943372,9.33312660863141,0.0432,"ineq_advent","STS",0.00310493412976626,0.0333267701559352,-21.7378173589882,18
"258",6,"LHH5-LHH6","bin_8",0.0167698815960463,0.00347937673960172,3.85463501347848,0.0508351246724907,9.33312660863141,0.0432,"ineq_advent","STS",0.0999379597168365,0.0075316360466281,-13.704562615558,18
"259",7,"LHH5-LHH6","bin_9",0.0030052962066038,0.00145167265053484,0.681244283553594,0.410028967002561,9.33312660863141,0.0432,"ineq_advent","STS",0.391079577459583,-0.00118555303227819,0.155291146864652,18
"260",8,"LHH5-LHH6","bin_10",0.00188792309401134,0.0011768526006853,0.427477664200983,0.513893920365315,9.33312660863141,0.0432,"ineq_advent","STS",0.245562270692584,0.00155908794547743,-0.183360842587906,18
"261",9,"LHH5-LHH6","bin_11",0.00665304600712085,0.00218155412151819,1.51365883950764,0.219860680504172,9.33312660863141,0.0432,"ineq_advent","STS",0.60076280961355,-0.00324553999692534,1.35704926163183,18
"262",10,"LHH5-LHH6","bin_12",0.0214680487180676,0.00389222671711412,4.95822236967036,0.0269533548371572,9.33312660863141,0.0432,"ineq_advent","STS",0.458353690483416,-0.00197584370964021,-0.138681533385139,18
"263",11,"LHH5-LHH6","bin_13",0.0189903681280453,0.00369259823207403,4.37490423896105,0.0375886986426204,9.33312660863141,0.0432,"ineq_advent","STS",0.229152091870423,0.00197039042853719,0.462697027570103,18
"264",12,"LHH5-LHH6","bin_14",0.000121356860058025,0.000284466350096853,0.0274299791892595,0.868604078045592,9.33312660863141,0.0432,"ineq_advent","STS",0.718277387345996,-0.00391381351267017,0.463011104693788,18
"265",1,"LHH6-LHH7","bin_3",0.000278354400250955,0.000437723637276124,0.0629256100771693,0.802158170027515,2.4675067461659,0.7764,"ineq_advent","STS",0.725262348650004,-0.00393972200238402,0.532024556579306,18
"266",2,"LHH6-LHH7","bin_4",0.00322790685370184,0.0014375329923451,0.731869355043776,0.39318397872659,2.4675067461659,0.7764,"ineq_advent","STS",0.353512790461193,-0.000623477380276904,0.0865045541172075,18
"267",3,"LHH6-LHH7","bin_5",0.00281356307215685,0.00127775575425181,0.637659349104705,0.425397991594556,2.4675067461659,0.7764,"ineq_advent","STS",0.305604906774105,0.000221617507282668,-0.0366749616892818,18
"268",4,"LHH6-LHH7","bin_6",0.00386984316638803,0.00162360458419825,0.877982209055619,0.349755151661851,2.4675067461659,0.7764,"ineq_advent","STS",0.214605856599932,0.00241377724939973,-0.301540968677163,18
"269",5,"LHH6-LHH7","bin_7",0.00115327665529604,0.000922371710572815,0.26094146179319,0.60997271948767,2.4675067461659,0.7764,"ineq_advent","STS",0.293347721904283,0.000466370959820717,-0.0615945789181268,18
"270",6,"LHH6-LHH7","bin_8",9.11927772199686e-05,0.000250239663577741,0.0206114472668317,0.885970428429564,2.4675067461659,0.7764,"ineq_advent","STS",0.190330271297773,0.00315966991825167,1.20551809747885,18
"271",7,"LHH6-LHH7","bin_9",0.00163518263313547,0.00104553002450451,0.370156548648508,0.543529924379157,2.4675067461659,0.7764,"ineq_advent","STS",0.372276764203043,-0.000907715793089903,1.82104919576074,18
"272",8,"LHH6-LHH7","bin_10",0.0108002524354913,0.00276140216525971,2.4675067461659,0.117621113945045,2.4675067461659,0.7764,"ineq_advent","STS",0.735178735244799,-0.00389403740300287,-0.26773041553114,18
"273",9,"LHH6-LHH7","bin_11",0.00715867201085785,0.00239189094281566,1.62952511025162,0.20307889745716,2.4675067461659,0.7764,"ineq_advent","STS",0.379932536982859,-0.00100695875272305,-0.084041194687079,18
"274",10,"LHH6-LHH7","bin_12",0.00596120668545831,0.00212459895889939,1.35531200590406,0.245579106784885,2.4675067461659,0.7764,"ineq_advent","STS",0.901078168716789,-0.00436954626161989,-0.754244336010981,18
"275",11,"LHH6-LHH7","bin_13",0.00172646775924741,0.00118874080189645,0.390856514761141,0.532480266491969,2.4675067461659,0.7764,"ineq_advent","STS",0.893270418399548,-0.00440470109483093,0.913854653964825,18
"276",12,"LHH6-LHH7","bin_14",0.00131078993011858,0.000996289749711452,0.296627340337511,0.5865415357576,2.4675067461659,0.7764,"ineq_advent","STS",0.600461021698574,-0.00326082812580708,0.420983024191031,18
"277",1,"LHH7-LHH8","bin_3",0.000569233332581674,0.000572892738000841,0.128720004880807,0.720097826840339,2.41189215342525,0.7916,"ineq_advent","STS",0.157666360918171,0.00444293168831278,-0.580994700217045,18
"278",2,"LHH7-LHH8","bin_4",0.000174259281716372,0.000334843953988347,0.0393894616471938,0.842857505119307,2.41189215342525,0.7916,"ineq_advent","STS",0.551524818421738,-0.00289623960353502,0.427038821461279,18
"279",3,"LHH7-LHH8","bin_5",0.000188189585347187,0.000348487162077613,0.0425388516573188,0.836781714536129,2.41189215342525,0.7916,"ineq_advent","STS",0.941533328820018,-0.00447801851809304,0.525264613854828,18
"280",4,"LHH7-LHH8","bin_6",0.00355424597337793,0.00143905821683231,0.806124755650222,0.370223948673484,2.41189215342525,0.7916,"ineq_advent","STS",0.920183215446057,-0.00443576899337916,1.18764711959486,18
"281",5,"LHH7-LHH8","bin_7",0.0010281185142778,0.000772543407230901,0.232593918340537,0.630073867901266,2.41189215342525,0.7916,"ineq_advent","STS",0.185816167287691,0.003306253852426,0.606158013616521,18
"282",6,"LHH7-LHH8","bin_8",0.00128101513213405,0.000930742068852623,0.289880761504296,0.590826827859854,2.41189215342525,0.7916,"ineq_advent","STS",0.0509374704274161,0.0122085124848405,1.17891750154658,18
"283",7,"LHH7-LHH8","bin_9",0.004262006633222,0.001675160506613,0.967336292804661,0.326397140672537,2.41189215342525,0.7916,"ineq_advent","STS",0.796504954775207,-0.00418403054526295,0.976562835750991,18
"284",8,"LHH7-LHH8","bin_10",0.00451534584632346,0.00178818795849047,1.02509682797337,0.31239579502851,2.41189215342525,0.7916,"ineq_advent","STS",0.150700757740759,0.00474759002170244,-0.62266878882167,18
"285",9,"LHH7-LHH8","bin_11",0.0105593983338012,0.00255086841024116,2.41189215342525,0.121815961095539,2.41189215342525,0.7916,"ineq_advent","STS",0.253306362385167,0.00135555992680425,-0.942232949077749,18
"286",10,"LHH7-LHH8","bin_12",2.24683886163559e-05,0.000119408878786915,0.005077969921098,0.943253947339349,2.41189215342525,0.7916,"ineq_advent","STS",0.506298850026284,-0.00250514344917052,0.352517746593582,18
"287",11,"LHH7-LHH8","bin_13",0.00124201724305749,0.000915190709296885,0.28104495961691,0.596537591635594,2.41189215342525,0.7916,"ineq_advent","STS",0.34169526101211,-0.000430371130958784,0.0484193818273811,18
"288",12,"LHH7-LHH8","bin_14",0.00181034416393855,0.00107860041184586,0.409879804562217,0.522679055241707,2.41189215342525,0.7916,"ineq_advent","STS",0.235227424329698,0.00183026325280755,-0.208643233149248,18
"289",1,"LTH5-LTH6","bin_3",0.000442898756474904,0.000571266156843175,0.100139470610336,0.751954417593549,8.40792172598902,0.0617,"ineq_advent","STS",0.102946838596468,0.00737029302737202,-1.08630283577901,18
"290",2,"LTH5-LTH6","bin_4",0.00345019329546254,0.00146215979776677,0.782443265282491,0.377335031913583,8.40792172598902,0.0617,"ineq_advent","STS",0.105503530583467,0.00721318987374264,-0.814986632775732,18
"291",3,"LTH5-LTH6","bin_5",0.00856978840913586,0.00234385884234581,1.95351337675794,0.163579173546176,8.40792172598902,0.0617,"ineq_advent","STS",0.208127581560036,0.00260075439231988,-0.664753989029149,18
"292",4,"LTH5-LTH6","bin_6",0.00873094208172772,0.00236564434213189,1.99057248353368,0.159656059319724,8.40792172598902,0.0617,"ineq_advent","STS",0.0473385417160086,0.0129580590666506,-1.87626714176585,18
"293",5,"LTH5-LTH6","bin_7",0.0172413822462708,0.00349195846794978,3.96491296770663,0.0476620942075303,8.40792172598902,0.0617,"ineq_advent","STS",0.0180880432988944,0.0200605767412398,-5.0964081914997,18
"294",6,"LTH5-LTH6","bin_8",0.0192802931285399,0.00353681325094924,4.44300875828238,0.036146245687945,8.40792172598902,0.0617,"ineq_advent","STS",0.0331080599910834,0.0154799287672727,22.8640268571464,18
"295",7,"LTH5-LTH6","bin_9",0.0148532989089418,0.00308569702285027,3.40745753876364,0.0662102335588994,8.40792172598902,0.0617,"ineq_advent","STS",0.073005444640131,0.00975675865603842,-7.84555749029078,18
"296",8,"LTH5-LTH6","bin_10",0.0299823508755255,0.00444419244857932,6.98545155748939,0.00879246573914619,8.40792172598902,0.0617,"ineq_advent","STS",0.246931090338266,0.00148255480028747,0.0776373028825262,18
"297",9,"LTH5-LTH6","bin_11",0.00839750150235332,0.00231026919301225,1.91390737962764,0.1678948736801,8.40792172598902,0.0617,"ineq_advent","STS",0.514024966855082,-0.00256301798745384,1.37208686938646,18
"298",10,"LTH5-LTH6","bin_12",0.00598172215053613,0.00191921988689325,1.36000437431181,0.244765908181353,8.40792172598902,0.0617,"ineq_advent","STS",0.256853925566313,0.00127664156189966,-0.184727751608562,18
"299",11,"LTH5-LTH6","bin_13",0.0145075375679321,0.00327396198773873,3.32696962720672,0.0694729536929145,8.40792172598902,0.0617,"ineq_advent","STS",0.462631486340634,-0.00203762728317813,-0.317892791579231,18
"300",12,"LTH5-LTH6","bin_14",0.00126638791534077,0.00103658829047401,0.286566573312397,0.592955556650171,8.40792172598902,0.0617,"ineq_advent","STS",0.963229541450118,-0.00446849535792238,1.44876938336016,18
"301",1,"LTH6-LTH7","bin_3",0.0227333978497869,0.00342083261683379,5.25726337393257,0.0227750106828407,41.7777745965208,0,"ineq_advent","STS",0.0742702364793575,0.00954974991825319,1.2683701996919,18
"302",2,"LTH6-LTH7","bin_4",0.00852523038557016,0.00232636785000617,1.94326888205952,0.164683112357288,41.7777745965208,0,"ineq_advent","STS",0.204191837619562,0.00271380155976519,-12.7013296911587,18
"303",3,"LTH6-LTH7","bin_5",0.00359583464488024,0.00153371860042228,0.815591361416381,0.367433868973242,41.7777745965208,0,"ineq_advent","STS",0.274941951966841,0.000855760104673919,-0.208694547945868,18
"304",4,"LTH6-LTH7","bin_6",0.00120505553020107,0.000896269323796508,0.272671133683013,0.602056993644447,41.7777745965208,0,"ineq_advent","STS",0.0847167014483835,0.00874972690354248,-1.23810308716378,18
"305",5,"LTH6-LTH7","bin_7",0.0318560524960434,0.00476250916602577,7.43636096953071,0.00689350175568642,41.7777745965208,0,"ineq_advent","STS",0.00165980089716315,0.0381145803149547,-15.0663578072605,18
"306",6,"LTH6-LTH7","bin_8",0.096949231634591,0.0081645686988004,24.2627846816157,1.62322631945639e-06,41.7777745965208,0,"ineq_advent","STS",0.00191867452681365,0.0349922949557706,0.669770062149855,18
"307",7,"LTH6-LTH7","bin_9",0.0426918310666163,0.00510253204124741,10.0786289453743,0.00170882742064399,41.7777745965208,0,"ineq_advent","STS",0.0371932007894214,0.0142925534232233,0.61261646232947,18
"308",8,"LTH6-LTH7","bin_10",0.0050220166439665,0.00185500622013084,1.14070439800908,0.28664303261642,41.7777745965208,0,"ineq_advent","STS",0.0958776980264548,0.00787832879104611,-1.01351853355831,18
"309",9,"LTH6-LTH7","bin_11",0.00113246304456339,0.000901475672200294,0.256226815470874,0.613217730527997,41.7777745965208,0,"ineq_advent","STS",0.328940570931239,-0.000210424576308821,0.0247038187063222,18
"310",10,"LTH6-LTH7","bin_12",0.00331825336617732,0.00153961599853006,0.752421987549045,0.386630569904739,41.7777745965208,0,"ineq_advent","STS",0.636024551031794,-0.00347608568664781,0.793161530029156,18
"311",11,"LTH6-LTH7","bin_13",0.015089135512156,0.00352393273977384,3.46238908382897,0.0640783200898843,41.7777745965208,0,"ineq_advent","STS",0.319451930669606,-3.9021663090999e-05,-0.0109472967132852,18
"312",12,"LTH6-LTH7","bin_14",0.00920687349353793,0.00301981532699229,2.10008866015887,0.148676735483085,41.7777745965208,0,"ineq_advent","STS",0.348248791138693,-0.000534785784009451,0.709791622366724,18
"313",1,"LTH7-LTH8","bin_3",0.000786327879414678,0.000811699867160606,0.177849949121064,0.673628365257891,2.90115295316526,0.6798,"ineq_advent","STS",0.649241759345736,-0.00352591689312365,-1.07236518646918,18
"314",2,"LTH7-LTH8","bin_4",0.00555269714301901,0.00203544552265357,1.26191659499405,0.262480491503661,2.90115295316526,0.6798,"ineq_advent","STS",0.0703670996673911,0.0100785765002925,-1.41793123409277,18
"315",3,"LTH7-LTH8","bin_5",0.0060272065768268,0.00216879647438638,1.37040842101091,0.242974609522948,2.90115295316526,0.6798,"ineq_advent","STS",0.0265639450407372,0.0172658664462939,-2.01665561427506,18
"316",4,"LTH7-LTH8","bin_6",0.0126742609887983,0.00320817503413081,2.90115295316526,0.0898909040683605,2.90115295316526,0.6798,"ineq_advent","STS",0.0189238788847596,0.0197641139415625,-3.2406512819701,18
"317",5,"LTH7-LTH8","bin_7",0.000369979310512183,0.000551073529788056,0.0836462715656341,0.772680721591539,2.90115295316526,0.6798,"ineq_advent","STS",0.564522904404396,-0.00299543567692928,0.512435879173241,18
"318",6,"LTH7-LTH8","bin_8",0.0033060319429697,0.00184551756666532,0.749641558047835,0.387507930620749,2.90115295316526,0.6798,"ineq_advent","STS",0.721298580161256,-0.00388258918193496,-1.32670904184962,18
"319",7,"LTH7-LTH8","bin_9",2.93945042695683e-06,5.34249022637672e-05,0.000664317749221336,0.97946005476402,2.90115295316526,0.6798,"ineq_advent","STS",0.156719246624788,0.00444162824914929,2.52713880266845,18
"320",8,"LTH7-LTH8","bin_10",0.00513723572638909,0.00209666937260685,1.16701048210568,0.281167831688433,2.90115295316526,0.6798,"ineq_advent","STS",0.0073467918157795,0.0268144536689082,-12.7916903577215,18
"321",9,"LTH7-LTH8","bin_11",0.00259418763935401,0.00146850148765536,0.587811299300924,0.444066847961664,2.90115295316526,0.6798,"ineq_advent","STS",0.027555618687947,0.0169394228697289,-3.10630173272872,18
"322",10,"LTH7-LTH8","bin_12",0.00292570297104037,0.0016373291505839,0.663149048596845,0.416307635260995,2.90115295316526,0.6798,"ineq_advent","STS",0.561503347913749,-0.00295291402863507,-4.41005426566425,18
"323",11,"LTH7-LTH8","bin_13",0.00372245359697809,0.00178069383661955,0.844417819064978,0.359116023764525,2.90115295316526,0.6798,"ineq_advent","STS",0.728727754707322,-0.00392815699716031,5.21485028862787,18
"324",12,"LTH7-LTH8","bin_14",0.000447485005682693,0.000641826716358585,0.101176886423885,0.750715592329375,2.90115295316526,0.6798,"ineq_advent","STS",0.601612713656256,-0.00326471366575509,0.499324168064591,18
"325",1,"LTH8-LTH9","bin_3",0.000288393041370561,0.000566692223012251,0.0651956293155692,0.798697093012558,4.49856075525237,0.3284,"ineq_advent","STS",0.212477590145582,0.00241832403834785,0.148976665334861,18
"326",2,"LTH8-LTH9","bin_4",0.0127656659511158,0.00362093696702071,2.92234620033921,0.0887333681020562,4.49856075525237,0.3284,"ineq_advent","STS",0.0216976625313025,0.0186585423652958,-9.99127251838582,18
"327",3,"LTH8-LTH9","bin_5",0.0195166544229707,0.0043297976280637,4.49856075525237,0.0350128938524243,4.49856075525237,0.3284,"ineq_advent","STS",0.0255246499134325,0.0174763898350119,-4.99700007673771,18
"328",4,"LTH8-LTH9","bin_6",0.0106518300515778,0.00328351778115328,2.43323196502409,0.120186968545991,4.49856075525237,0.3284,"ineq_advent","STS",0.0204114854877279,0.0191699258508089,-4.03859896961524,18
"329",5,"LTH8-LTH9","bin_7",0.00134873516921844,0.00123544309720077,0.305225817037358,0.581170677485841,4.49856075525237,0.3284,"ineq_advent","STS",0.0510197801202062,0.0121970573404658,1.17917819868861,18
"330",6,"LTH8-LTH9","bin_8",0.000259573636350016,0.000573940099711683,0.058678873303624,0.808816028217439,4.49856075525237,0.3284,"ineq_advent","STS",0.0789498151847974,0.00914227068977835,1.85114660327841,18
"331",7,"LTH8-LTH9","bin_9",0.0015013826077797,0.00136988205137485,0.339822673209499,0.560512802560608,4.49856075525237,0.3284,"ineq_advent","STS",0.0113517167606106,0.0235301363522493,-10.4713823233771,18
"332",8,"LTH8-LTH9","bin_10",0.011466495296449,0.00395360325818713,2.62148720773468,0.106820209462628,4.49856075525237,0.3284,"ineq_advent","STS",0.000819706182765042,0.0435279587355125,-10.6861189885675,18
"333",9,"LTH8-LTH9","bin_11",0.0107224404872308,0.00329820687064785,2.44953656010115,0.118958697149236,4.49856075525237,0.3284,"ineq_advent","STS",0.000399552962178332,0.0490567888231888,-8.16151460357329,18
"334",10,"LTH8-LTH9","bin_12",0.00484197439461479,0.00215511292753686,1.09961049906346,0.295471700161561,4.49856075525237,0.3284,"ineq_advent","STS",0.0466009282427655,0.0130954320205823,-1.52042452467783,18
"335",11,"LTH8-LTH9","bin_13",0.00373485109931167,0.00211774663916956,0.847240666177893,0.358315566564724,4.49856075525237,0.3284,"ineq_advent","STS",0.231854449957464,0.00191814934450152,-0.278409468022191,18
"336",12,"LTH8-LTH9","bin_14",0.00011249731996991,0.000376192631092974,0.0254272548112201,0.873449471355215,4.49856075525237,0.3284,"ineq_advent","STS",0.241950358910336,0.0016475222111676,-0.288761012336858,18
"337",1,"RAM5-RAM6","bin_3",0.00147137528224052,0.00101525413296594,0.333020812378163,0.56446010713507,2.01266972931688,0.8744,"ineq_advent","STS",0.474405394756891,-0.00219272777068413,0.268384637171569,18
"338",2,"RAM5-RAM6","bin_4",0.00418712475581122,0.00175103772561876,0.950269090044945,0.330693053935154,2.01266972931688,0.8744,"ineq_advent","STS",0.479523986016895,-0.00223891209691285,0.433720352872397,18
"339",3,"RAM5-RAM6","bin_5",0.00312540394080152,0.00143077874267245,0.708555813753728,0.400813489367234,2.01266972931688,0.8744,"ineq_advent","STS",0.582479807495946,-0.0031280507455822,0.563755599440004,18
"340",4,"RAM5-RAM6","bin_6",0.0039029485630709,0.00165636900777167,0.885522524117092,0.347698292507078,2.01266972931688,0.8744,"ineq_advent","STS",0.283812122395453,0.000661560532962291,-0.479980229536914,18
"341",5,"RAM5-RAM6","bin_7",0.00882700830487272,0.00251443644777654,2.01266972931688,0.157368169219962,2.01266972931688,0.8744,"ineq_advent","STS",0.158079154622827,0.00434387194047892,0.39834811677331,18
"342",6,"RAM5-RAM6","bin_8",0.00148152015355944,0.00108405577498109,0.335320338543886,0.563119649017265,2.01266972931688,0.8744,"ineq_advent","STS",0.417369569501154,-0.0015286148057716,0.465055759293883,18
"343",7,"RAM5-RAM6","bin_9",0.000607397216119113,0.000690913608400933,0.137355200009024,0.711271719555108,2.01266972931688,0.8744,"ineq_advent","STS",0.717434220875469,-0.00390130174122238,0.631717880227757,18
"344",8,"RAM5-RAM6","bin_10",0.000445526575883947,0.000621316444961225,0.100733885772976,0.751243739895246,2.01266972931688,0.8744,"ineq_advent","STS",0.883545287192189,-0.0043771749877981,2.10328904527513,18
"345",9,"RAM5-RAM6","bin_11",0.00201183302712609,0.00127253201843769,0.455590836822872,0.500381785029642,2.01266972931688,0.8744,"ineq_advent","STS",0.825072348878891,-0.0042571521367849,1.52084599589157,18
"346",10,"RAM5-RAM6","bin_12",0.00356209144277511,0.00170582179969952,0.807910517207045,0.369695371761969,2.01266972931688,0.8744,"ineq_advent","STS",0.849484050226345,-0.00429866378493793,-4.45926021472364,18
"347",11,"RAM5-RAM6","bin_13",0.000999264801547488,0.000866816294720355,0.226059738689652,0.634920203948771,2.01266972931688,0.8744,"ineq_advent","STS",0.200844313528851,0.00283118822116002,-0.694281577475071,18
"348",12,"RAM5-RAM6","bin_14",0.000849202578679561,0.000744846794074854,0.192082900075645,0.661607291290372,2.01266972931688,0.8744,"ineq_advent","STS",0.129320455009448,0.00579151174492343,-0.754790199029354,18
"349",1,"RAM6-RAM7","bin_3",0.00132711529128414,0.00100704386968217,0.300326623885153,0.58421860038124,3.96854816583039,0.4353,"ineq_advent","STS",0.807674473506899,-0.00420506230641804,2.74726029672616,18
"350",2,"RAM6-RAM7","bin_4",0.00174262118816655,0.00119339144459057,0.394519887240299,0.530567269811881,3.96854816583039,0.4353,"ineq_advent","STS",0.624812694404703,-0.00339380085617025,14.0239547413312,18
"351",3,"RAM6-RAM7","bin_5",0.000117294073332307,0.000299829096452062,0.0265115702231633,0.870802711801829,3.96854816583039,0.4353,"ineq_advent","STS",0.940118229553182,-0.00445256688577733,1.45480912049078,18
"352",4,"RAM6-RAM7","bin_6",0.00246535611935369,0.00137068181516309,0.558547501474644,0.455622943373691,3.96854816583039,0.4353,"ineq_advent","STS",0.310673085006769,0.000124010989526635,-0.0367812781811337,18
"353",5,"RAM6-RAM7","bin_7",2.76321057087716e-05,0.000152928367953642,0.00624502845346876,0.937082273280225,3.96854816583039,0.4353,"ineq_advent","STS",0.803930071276115,-0.00416886963833996,-0.913746714685583,18
"354",6,"RAM6-RAM7","bin_8",0.00162643461086921,0.00113440192971992,0.368173031417528,0.544610870062802,3.96854816583039,0.4353,"ineq_advent","STS",0.309238055559567,0.000148641661500304,0.0105543097783435,18
"355",7,"RAM6-RAM7","bin_9",0.0239744863171024,0.00436058405257867,5.5513240501472,0.0193218921946445,3.96854816583039,0.4353,"ineq_advent","STS",0.946361258741372,-0.00431368746728411,-0.147119321649187,18
"356",8,"RAM6-RAM7","bin_10",0.0161325122909675,0.00361880453966686,3.70573052093466,0.0554811800722358,3.96854816583039,0.4353,"ineq_advent","STS",0.962924538109269,-0.00438787499776394,-0.292952178342607,18
"357",9,"RAM6-RAM7","bin_11",0.0172569170761937,0.00374924259616553,3.96854816583039,0.0475611525125601,3.96854816583039,0.4353,"ineq_advent","STS",0.725623520974003,-0.00386767216934236,-0.339232632307229,18
"358",10,"RAM6-RAM7","bin_12",0.0140962443688122,0.00343023842610605,3.23130042781102,0.0735781393496387,3.96854816583039,0.4353,"ineq_advent","STS",0.864581129250678,-0.00429312896080347,-0.456622210557069,18
"359",11,"RAM6-RAM7","bin_13",0.00136176969586436,0.00113183069033806,0.308179620934017,0.579348439615081,3.96854816583039,0.4353,"ineq_advent","STS",0.399314079459381,-0.00127276335364035,-0.102220493814451,18
"360",12,"RAM6-RAM7","bin_14",0.00246950195288825,0.00153667027106628,0.559489100779739,0.455243796944467,3.96854816583039,0.4353,"ineq_advent","STS",0.933674523532192,-0.00437526111601394,-0.334608435371428,18
"361",1,"RHH4-RHH5","bin_3",0.000568107781338877,0.000680468176781303,0.128465340742294,0.720363134793309,4.02476650900472,0.4229,"ineq_advent","STS",0.480211285110969,-0.00224559967780702,0.447539110135042,18
"362",2,"RHH4-RHH5","bin_4",0.000573632595120783,0.000534611821281486,0.129715375464752,0.719063687687714,4.02476650900472,0.4229,"ineq_advent","STS",0.512090463605833,-0.0025570013334606,0.398319145214567,18
"363",3,"RHH4-RHH5","bin_5",0.00374207547627027,0.0015574899520031,0.848885651816902,0.357850243562318,4.02476650900472,0.4229,"ineq_advent","STS",0.992371892134411,-0.0044598856052861,-4.9892771431188,18
"364",4,"RHH4-RHH5","bin_6",0.00624479499864492,0.00185169033518883,1.42019248059368,0.234621657393711,4.02476650900472,0.4229,"ineq_advent","STS",0.262271845430233,0.00114738489886368,-0.170188937709025,18
"365",5,"RHH4-RHH5","bin_7",8.51855345202506e-07,2.02022046278038e-05,0.000192519472014508,0.988941837101245,4.02476650900472,0.4229,"ineq_advent","STS",0.427176114817745,-0.00165716577725439,0.223592358322602,18
"366",6,"RHH4-RHH5","bin_8",0.00251064764831322,0.00113418362630222,0.568834511547485,0.451507539270469,4.02476650900472,0.4229,"ineq_advent","STS",0.680888643218785,-0.00371035206340919,3.52886950909648,18
"367",7,"RHH4-RHH5","bin_9",0.00394953103952243,0.00157835897279382,0.896133321300095,0.344831676580597,4.02476650900472,0.4229,"ineq_advent","STS",0.764777038622119,-0.00406628617503535,4.99655096956592,18
"368",8,"RHH4-RHH5","bin_10",0.000421255703300518,0.000503526106851641,0.0952439109866248,0.757897843749069,4.02476650900472,0.4229,"ineq_advent","STS",0.677514561413018,-0.00367103354112486,-0.737564545718239,18
"369",9,"RHH4-RHH5","bin_11",0.00225979363404938,0.00109917942326733,0.511870082048033,0.475068918818913,4.02476650900472,0.4229,"ineq_advent","STS",0.702365137793695,-0.0038208040274943,1.33660888823581,18
"370",10,"RHH4-RHH5","bin_12",0.0174971007256611,0.00295466314855305,4.02476650900472,0.0460286617048574,4.02476650900472,0.4229,"ineq_advent","STS",0.476161830643931,-0.00216207214379482,-0.153007651315544,18
"371",11,"RHH4-RHH5","bin_13",0.00389896888808554,0.00152775529676867,0.884616059200054,0.347944685470779,4.02476650900472,0.4229,"ineq_advent","STS",0.890996867731897,-0.00439345510060862,1.43831485773284,18
"372",12,"RHH4-RHH5","bin_14",0.00105582017278886,0.000815852594255579,0.238867560239007,0.625499147051271,4.02476650900472,0.4229,"ineq_advent","STS",0.409595025481418,-0.00143695357569062,0.162460896514962,18
"373",1,"RHH5-RHH6","bin_3",0.00447391310191527,0.00160932950149916,1.01564828319397,0.314631255335719,1.94968197871571,0.8828,"ineq_advent","STS",0.62984592615922,-0.00344225840763079,0.6390857621657,18
"374",2,"RHH5-RHH6","bin_4",0.00079698198168337,0.000737600987913368,0.180261593102133,0.671552431818211,1.94968197871571,0.8828,"ineq_advent","STS",0.494672117775492,-0.00239847550722017,0.270892417006705,18
"375",3,"RHH5-RHH6","bin_5",0.00501111548215583,0.00183605764301257,1.13821582993464,0.287167995656737,1.94968197871571,0.8828,"ineq_advent","STS",0.502169130063344,-0.0024599855286811,0.542176367017923,18
"376",4,"RHH5-RHH6","bin_6",0.00409199947234405,0.00177196355386989,0.928591677403715,0.336259090155806,1.94968197871571,0.8828,"ineq_advent","STS",0.765778443758588,-0.00406969696333914,5.16141083017533,18
"377",5,"RHH5-RHH6","bin_7",0.0033381346276139,0.00145647208053326,0.756945210860321,0.385209329029688,1.94968197871571,0.8828,"ineq_advent","STS",0.594838049740031,-0.00318262502502142,-0.683379508069821,18
"378",6,"RHH5-RHH6","bin_8",0.00855312436407678,0.00226703928855831,1.94968197871571,0.163991043506819,1.94968197871571,0.8828,"ineq_advent","STS",0.996421980798184,-0.00444487159017626,-1.02684899444287,18
"379",7,"RHH5-RHH6","bin_9",0.0029968559348363,0.00133182227216966,0.679325281273875,0.410688151834202,1.94968197871571,0.8828,"ineq_advent","STS",0.901566725203925,-0.00439160522413395,-4.72146826531832,18
"380",8,"RHH5-RHH6","bin_10",0.00079060375425937,0.000677732159950901,0.178817822504418,0.67279324120162,1.94968197871571,0.8828,"ineq_advent","STS",0.708630064904531,-0.0038594391939053,0.706109900640248,18
"381",9,"RHH5-RHH6","bin_11",0.00231374832902988,0.00129918515345754,0.52411980368073,0.469838283791674,1.94968197871571,0.8828,"ineq_advent","STS",0.331160441341124,-0.000247577340584559,0.300799718800752,18
"382",10,"RHH5-RHH6","bin_12",1.71313396968779e-05,0.000105920374471797,0.00387174909974346,0.950439938153597,1.94968197871571,0.8828,"ineq_advent","STS",0.180428940900414,0.00348154815880042,0.346688788333464,18
"383",11,"RHH5-RHH6","bin_13",0.000258503616805217,0.000391985008964735,0.0584369235540727,0.809202922252683,1.94968197871571,0.8828,"ineq_advent","STS",0.163588393109961,0.00414718724664465,1.04883838582137,18
"384",12,"RHH5-RHH6","bin_14",0.000761155137066215,0.000699704492932318,0.172152095428757,0.678599808797383,1.94968197871571,0.8828,"ineq_advent","STS",0.270402406112692,0.000961491271686432,-0.112347769417994,18
"385",1,"RTH4-RTH5","bin_3",0.00326892696693499,0.0021170330473448,0.741200424583132,0.390189059842724,0.895804524505607,0.9933,"ineq_advent","STS",0.99865195550612,-0.00448170221370137,1.14792575118971,18
"386",2,"RTH4-RTH5","bin_4",0.00342365704965364,0.00217082557057825,0.776404636428616,0.379179097405411,0.895804524505607,0.9933,"ineq_advent","STS",0.927969221868242,-0.0044425295317001,1.32116273347539,18
"387",3,"RTH4-RTH5","bin_5",0.00394808765363864,0.00238079581533662,0.895804524505607,0.344920020985455,0.895804524505607,0.9933,"ineq_advent","STS",0.569635160854953,-0.00303230243681396,0.584708794832101,18
"388",4,"RTH4-RTH5","bin_6",0.00359401708864744,0.00235582670644444,0.815177624346506,0.367555194163297,0.895804524505607,0.9933,"ineq_advent","STS",0.999349993578903,-0.00446710219825253,7.0731299754804,18
"389",5,"RTH4-RTH5","bin_7",0.000905750169221402,0.0011997553921541,0.20488511296978,0.651240491500309,0.895804524505607,0.9933,"ineq_advent","STS",0.392986987911696,-0.00120686293899452,0.363396172997716,18
"390",6,"RTH4-RTH5","bin_8",5.77711278669279e-05,0.000290390300657976,0.0130570292172302,0.909127306339448,0.895804524505607,0.9933,"ineq_advent","STS",0.298131885208123,0.000368712104903413,-0.0663050955712991,18
"391",7,"RTH4-RTH5","bin_9",0.00063082546435478,0.000919686644506723,0.14265654632626,0.706008673629272,0.895804524505607,0.9933,"ineq_advent","STS",0.383912559510662,-0.00108464026996824,0.13681177430557,18
"392",8,"RTH4-RTH5","bin_10",9.14668056787512e-05,0.00036542243189342,0.0206733890122533,0.885800396353269,0.895804524505607,0.9933,"ineq_advent","STS",0.616424634452744,-0.00336510788163014,0.453907533128459,18
"393",9,"RTH4-RTH5","bin_11",8.36724848520407e-05,0.000359732302808182,0.0189115639541097,0.890742760205689,0.895804524505607,0.9933,"ineq_advent","STS",0.552442192850332,-0.00290765910666124,0.354832730340155,18
"394",10,"RTH4-RTH5","bin_12",0.00049917414377083,0.000837502006834467,0.112869698127128,0.737212079511916,0.895804524505607,0.9933,"ineq_advent","STS",0.636836963478843,-0.00349641292588698,0.394996663680854,18
"395",11,"RTH4-RTH5","bin_13",0.000111240321851243,0.000376610873264257,0.0251431096659925,0.874152582527578,0.895804524505607,0.9933,"ineq_advent","STS",0.454746651901213,-0.00197061890049377,0.661886677697313,18
"396",12,"RTH4-RTH5","bin_14",0.00135096126255912,0.00139940330756481,0.305730275096808,0.580858657420516,0.895804524505607,0.9933,"ineq_advent","STS",0.970887642212269,-0.00445570977069609,-7.63006482521573,18
"397",1,"RTH5-RTH6","bin_3",0.00144013309391674,0.00125937031687304,0.325939475450392,0.568627152448092,0.325939475450392,0.9999,"ineq_advent","STS",0.528438230057242,-0.00270500672873752,0.371279515718291,18
"398",2,"RTH5-RTH6","bin_4",0.000818568023209592,0.000989771486305298,0.185147929419954,0.667396046551699,0.325939475450392,0.9999,"ineq_advent","STS",0.133302293029466,0.00555736111407146,-1.85600418854925,18
"399",3,"RTH5-RTH6","bin_5",8.25665495197136e-06,0.000100609156041498,0.00186601942622406,0.965582281215746,0.325939475450392,0.9999,"ineq_advent","STS",0.393581778779964,-0.0012194526982976,0.175363441361265,18
"400",4,"RTH5-RTH6","bin_6",0.000103521130721677,0.000366971866353405,0.0233981977509871,0.878562601116272,0.325939475450392,0.9999,"ineq_advent","STS",0.786063453295039,-0.00416833653241988,0.502340414779015,18
"401",5,"RTH5-RTH6","bin_7",0.000571344108384314,0.000877059431012195,0.129197584773733,0.719601084161216,0.325939475450392,0.9999,"ineq_advent","STS",0.781470948095023,-0.00414905727127746,0.575012617634539,18
"402",6,"RTH5-RTH6","bin_8",2.81396236607367e-05,0.0001947098992662,0.00635973390784525,0.936508300465531,0.325939475450392,0.9999,"ineq_advent","STS",0.627906884773795,-0.00343950257637715,0.426750829932228,18
"403",7,"RTH5-RTH6","bin_9",0.0001837671189218,0.000486168766473706,0.0415390023791169,0.838684448633424,0.325939475450392,0.9999,"ineq_advent","STS",0.327476922482584,-0.000184320063736365,0.0241631129781226,18
"404",8,"RTH5-RTH6","bin_10",1.78370106249789e-07,1.52058082336124e-05,4.03116512028458e-05,0.994939749553619,0.325939475450392,0.9999,"ineq_advent","STS",0.231893783702585,0.00191158868600838,-0.476958327775578,18
"405",9,"RTH5-RTH6","bin_11",5.61562335217245e-05,0.000269174762501417,0.0126920215120336,0.910401012115496,0.325939475450392,0.9999,"ineq_advent","STS",0.256694373987849,0.00128033055603316,-0.188744550483669,18
"406",10,"RTH5-RTH6","bin_12",0.000154667043440495,0.000433786061916054,0.034960159001983,0.851846910855626,0.325939475450392,0.9999,"ineq_advent","STS",0.757100204686408,-0.00407112591714953,0.461215658924246,18
"407",11,"RTH5-RTH6","bin_13",0.000325504710168665,0.000616327485429976,0.073588017744506,0.786430136512708,0.325939475450392,0.9999,"ineq_advent","STS",0.737548139304078,-0.00398024508659178,0.818799232137467,18
"408",12,"RTH5-RTH6","bin_14",0.000191227436674664,0.000522759040590898,0.0432256666219008,0.835488167938665,0.325939475450392,0.9999,"ineq_advent","STS",0.872963259174907,-0.00438049776109484,0.617717808240382,18
"409",1,"RTH6-RTH7","bin_3",0.00132727300179532,0.00103838459671538,0.300362361258597,0.584196250337373,2.62629368671359,0.7414,"ineq_advent","STS",0.874668443058965,-0.00436909168440325,1.16263219804962,18
"410",2,"RTH6-RTH7","bin_4",0.00104895780012336,0.000994374304576062,0.237313394564182,0.626625448168346,2.62629368671359,0.7414,"ineq_advent","STS",0.139150356015139,0.00528346395355483,-0.812305096681492,18
"411",3,"RTH6-RTH7","bin_5",0.0114872775320952,0.00346227815948858,2.62629368671359,0.106501210625842,2.62629368671359,0.7414,"ineq_advent","STS",0.0383224506354135,0.014519993785362,-1.98043510408704,18
"412",4,"RTH6-RTH7","bin_6",0.00672426771300046,0.00254020029912399,1.52997244746839,0.217400339744418,2.62629368671359,0.7414,"ineq_advent","STS",0.135927806615002,0.00544244080714429,-0.85982979496895,18
"413",5,"RTH6-RTH7","bin_7",7.60517296931986e-05,0.000266839712505281,0.0171889981637049,0.895807439450744,2.62629368671359,0.7414,"ineq_advent","STS",0.353702409517209,-0.000623650234983453,0.239819003858477,18
"414",6,"RTH6-RTH7","bin_8",4.99470940090691e-05,0.000221807817739184,0.0112886070791686,0.915479949557645,2.62629368671359,0.7414,"ineq_advent","STS",0.499598509246416,-0.00244029110291955,0.376571186901854,18
"415",7,"RTH6-RTH7","bin_9",0.00217176515451245,0.00160786866485048,0.491887188375478,0.483808222370792,2.62629368671359,0.7414,"ineq_advent","STS",0.0753409321514987,0.00959928030329371,-1.15647684960646,18
"416",8,"RTH6-RTH7","bin_10",0.00556259896158144,0.00267073976128817,1.26417948882922,0.26205423603269,2.62629368671359,0.7414,"ineq_advent","STS",0.0118340662839856,0.0232842626617252,-4.49596629769629,18
"417",9,"RTH6-RTH7","bin_11",0.0039286763749073,0.00206213807397479,0.891382815336662,0.346111083934526,2.62629368671359,0.7414,"ineq_advent","STS",0.0894133710964817,0.00832853569225667,-3.32901387990774,18
"418",10,"RTH6-RTH7","bin_12",0.00227878395461612,0.0015777024814134,0.516181439725762,0.473217235256101,2.62629368671359,0.7414,"ineq_advent","STS",0.478354850842815,-0.00223175234875628,0.304470612425821,18
"419",11,"RTH6-RTH7","bin_13",4.23889676007335e-05,0.00023117551745122,0.0095803127773337,0.922115070004842,2.62629368671359,0.7414,"ineq_advent","STS",0.491794705910185,-0.00236717890616633,0.314940303612974,18
"420",12,"RTH6-RTH7","bin_14",1.71915738617793e-05,0.000159398711180435,0.00388536248825831,0.950352999061373,2.62629368671359,0.7414,"ineq_advent","STS",0.805786873369657,-0.00422933168659245,0.492066721083056,18
"421",1,"RTH7-RTH8","bin_3",0.00508586733291397,0.00156744849066844,1.15528162632218,0.283592419972617,5.07728212400721,0.2466,"ineq_advent","STS",0.535370745348469,-0.00275776001555106,0.568926913818366,18
"422",2,"RTH7-RTH8","bin_4",0.00758790504817229,0.00190751016007407,1.72797827597031,0.190001757302454,5.07728212400721,0.2466,"ineq_advent","STS",0.164036446151269,0.00416221521334681,-1.03107053917133,18
"423",3,"RTH7-RTH8","bin_5",0.0152598004642772,0.0027594486971375,3.50215712383084,0.0625809628485164,5.07728212400721,0.2466,"ineq_advent","STS",0.476078613196112,-0.00216320156866301,-0.16349913502189,18
"424",4,"RTH7-RTH8","bin_6",0.0219722253842439,0.00349319115906816,5.07728212400721,0.0252011074741908,5.07728212400721,0.2466,"ineq_advent","STS",0.545446726367649,-0.00277710059204617,-0.154875412315697,18
"425",5,"RTH7-RTH8","bin_7",0.0124195130944172,0.00259296714012127,2.84210755128724,0.0932037694722084,5.07728212400721,0.2466,"ineq_advent","STS",0.551529795839744,-0.00286891013017199,-1.05019426497645,18
"426",6,"RTH7-RTH8","bin_8",0.00449115895890587,0.00156643940547767,1.01958102516824,0.313698254424699,5.07728212400721,0.2466,"ineq_advent","STS",0.285505314563371,0.000629248061625898,-0.090953749139241,18
"427",7,"RTH7-RTH8","bin_9",0.0152870510771083,0.00284273091923957,3.50850828884247,0.0623453245151827,5.07728212400721,0.2466,"ineq_advent","STS",0.0465387670436092,0.0130578613795704,-2.62930396180861,18
"428",8,"RTH7-RTH8","bin_10",0.00500574214126087,0.00168461222882573,1.1369891986709,0.287427204935584,5.07728212400721,0.2466,"ineq_advent","STS",0.500932868592741,-0.00241809144545468,-0.308149314751853,18
"429",9,"RTH7-RTH8","bin_11",0.000398150262180166,0.000479770535760275,0.090017799863334,0.764430308503045,5.07728212400721,0.2466,"ineq_advent","STS",0.213652772354807,0.00240311162322737,0.292670154452059,18
"430",10,"RTH7-RTH8","bin_12",7.92855257554346e-05,0.000198985487194734,0.0179199496133548,0.893628127172071,5.07728212400721,0.2466,"ineq_advent","STS",0.710879864387243,-0.00384402283650587,-3.27974013491329,18
"431",11,"RTH7-RTH8","bin_13",0.000999014053213422,0.000734040210042881,0.2260029561555,0.634962693824778,5.07728212400721,0.2466,"ineq_advent","STS",0.52994936824736,-0.00270658901062637,0.894434998764824,18
"432",12,"RTH7-RTH8","bin_14",0.00146690555238443,0.000900568824914219,0.332007678746268,0.565052651232314,5.07728212400721,0.2466,"ineq_advent","STS",0.718940290787159,-0.00391430886238897,0.499433947367981,18
