"","electrode","bin","R2","absBeta","Fstat","p","perm_p"
"1","LOF1-LOF2","bin_3",0.00973456923280241,0.00198645454584273,2.22163934866323,0.137482830470502,0
"2","LOF1-LOF2","bin_4",5.94848083478493e-06,5.84225659132605e-05,0.00134436466558884,0.970784019669763,0
"3","LOF1-LOF2","bin_5",0.000471347196517239,0.000571477166087844,0.106574700099007,0.744380123464282,0
"4","LOF1-LOF2","bin_6",0.00115477383592594,0.000880925444124524,0.261280606927977,0.609740721023759,0
"5","LOF1-LOF2","bin_7",0.00107861846401739,0.000909844193865653,0.244030989198672,0.621789536531755,0
"6","LOF1-LOF2","bin_8",0.00688169083923948,0.00240513147349469,1.56603912678078,0.212076942247187,0
"7","LOF1-LOF2","bin_9",0.00112521936029505,0.000964672398595447,0.25458604056839,0.614355852125152,0
"8","LOF1-LOF2","bin_10",0.000167690325113232,0.000365175133737575,0.037904369671664,0.845810193897519,0
"9","LOF1-LOF2","bin_11",0.000446905522629766,0.000629349099458668,0.101045806043086,0.750871734120462,0
"10","LOF1-LOF2","bin_12",0.00712564202625464,0.00249773812195581,1.62195255119695,0.204128029931834,0
"11","LOF1-LOF2","bin_13",0.0100654428562998,0.0029297124918318,2.2979196645961,0.130944818786881,0
"12","LOF1-LOF2","bin_14",0.00375672839700015,0.00172099442012309,0.852222185004996,0.356908982488274,0
"13","LOF1-LOF2","bin_15",0.00195821172256887,0.00128348783406174,0.443424167703834,0.506153470356657,0
"14","LOF1-LOF2","bin_16",0.00241458631135821,0.00140557323919583,0.547017326916605,0.460306524254325,0
"15","LOF1-LOF2","bin_17",0.00877994755844265,0.00270820753777092,2.00184423561693,0.158484289857109,0
"16","LOF1-LOF2","bin_18",0.00983308613805063,0.00274342428259487,2.24434631786664,0.135498986332012,0
"17","LOF1-LOF2","bin_19",0.000734234130641264,0.000739204961279864,0.166058839592649,0.684024194391569,0
"18","LOF1-LOF2","bin_20",0.00216807110308855,0.00136460311121369,0.491048697789899,0.484180702888295,0
"19","LOF1-LOF2","bin_21",9.15461930833943e-05,0.000300237158988015,0.0206913338496909,0.885751185788789,0
"20","LOF1-LOF2","bin_22",0.004317977781392,0.00222207255577598,0.980095007058725,0.323234090858976,0
"21","LOF1-LOF2","bin_23",0.018352159045101,0.00444121208294227,4.22512816832384,0.0409790281511972,0
"22","LOF1-LOF2","bin_24",0.0430757156834513,0.00697747359534951,10.1733354498501,0.00162686274840863,0
"23","LOF1-LOF2","bin_25",0.0270571910993459,0.00536607529833983,6.28497906815462,0.0128800846498866,0
"24","LOF1-LOF2","bin_26",0.0172304573814336,0.00406351264398854,3.96235658446263,0.0477332158094512,0
"25","LOF1-LOF2","bin_27",0.00331778816919308,0.00188943478531472,0.75231615186579,0.386663914164539,0
"26","LOF1-LOF2","bin_28",0.0023439213230234,0.0018016048802905,0.530970772719369,0.466953406838198,0
"27","LOF1-LOF2","bin_29",0.000206254837369015,0.000558510347557354,0.046623209507892,0.829241679796861,0
"28","LOF1-LOF2","bin_30",0.00236876373943306,0.00164315008131595,0.536611711476171,0.464599384303874,0
"29","LOF1-LOF2","bin_31",0.00044885602104794,0.000627896648426678,0.101487013814043,0.750346614432843,0
"30","LOF1-LOF2","bin_32",0.000937239376912178,0.000987719718204671,0.212014807808519,0.645635507864422,0
"31","LOF1-LOF2","bin_33",1.44100325941183e-05,0.000141425816644433,0.00325671429562988,0.95454174507017,0
"32","LOF1-LOF2","bin_34",0.000847963995944341,0.00106523448580924,0.19180250470174,0.661838907122999,0
"33","LOF1-LOF2","bin_35",0.000563672553080653,0.000824079002555931,0.127461843739108,0.72141147305928,0
"34","LOF1-LOF2","bin_36",0.00041800476666473,0.000703407383705393,0.0945085823041228,0.75880492115386,0
"35","LOF1-LOF2","bin_37",0.00312759238110617,0.00196001380429433,0.709053508480916,0.400648378625105,0
"36","LOF1-LOF2","bin_38",0.000223026778842378,0.000537559555570781,0.0504152959794441,0.822545066239371,0
"37","LOF1-LOF2","bin_39",0.00146837184115682,0.00135747942129343,0.332340034850305,0.56485813582917,0
"38","LOF1-LOF2","bin_40",0.000463835946388991,0.000799256657461731,0.104875568942686,0.746354896039208,0
"39","LOF1-LOF2","bin_41",0.00182065373252827,0.00157647588756035,0.412218250247318,0.52149645208274,0
"40","LOF1-LOF2","bin_42",0.00456948139286635,0.0024187657599673,1.03744337297677,0.309505939278261,0
"41","LOF1-LOF2","bin_43",0.000220324700107831,0.000499963915657589,0.0498043553540272,0.82360564067198,0
"42","LOF1-LOF2","bin_44",0.00228764851765148,0.00153409848290894,0.518194010749782,0.47235686949726,0
"43","LOF1-LOF2","bin_45",0.000617338225300227,0.000779664240890785,0.139604622187556,0.709024648333115,0
"44","LOF1-LOF2","bin_46",0.000213981686290352,0.000454519932532067,0.04837021144103,0.826122417424959,0
"45","LOF1-LOF2","bin_47",0.000465325695815825,0.000700073240290439,0.105212565364563,0.745961831656153,0
"46","LOF1-LOF2","bin_48",0.00030415273183545,0.000564021133056915,0.068759430763518,0.793390538506619,0
"47","LOF1-LOF2","bin_49",0.000329432874556828,0.000584844517081467,0.0744763646127239,0.785176534711715,0
"48","LOF1-LOF2","bin_50",0.00011858675377233,0.000340521480711883,0.0268037849263899,0.87009897816364,0
"49","LOF1-LOF2","bin_51",9.89436525503674e-05,0.000294054399694616,0.0223634782005999,0.881257573334409,0
"50","LOF1-LOF2","bin_52",0.00124960396775564,0.00101040423548165,0.282763839528587,0.595417695962031,0
"51","LOF1-LOF2","bin_53",0.000180051095726536,0.000388379699331898,0.0406988755113277,0.840301753322614,0
"52","LOF1-LOF2","bin_54",0.00238515546499385,0.00152598180164581,0.540333915480038,0.463056464668786,0
"53","LOF1-LOF2","bin_55",0.000476573117012386,0.000694440533815051,0.107756878476254,0.743016425556295,0
"54","LOF1-LOF2","bin_56",0.00218639664546652,0.00148141036355979,0.49520836378081,0.482337507944171,0
"55","LOF1-LOF2","bin_57",0.00940388832402137,0.00299057070312848,2.14545437457158,0.144382386910536,0
"56","LOF1-LOF2","bin_58",0.00306002528593857,0.00173123297945886,0.693688418723975,0.405791937580035,0
"57","LOF1-LOF2","bin_59",0.00309693420886158,0.00167368567367237,0.70208143120442,0.402970444335879,0
"58","LOF1-LOF2","bin_60",0.00106533729997857,0.000953277582915818,0.241023000587836,0.623944597363366,0
"59","LOF1-LOF2","bin_61",0.00210302933680763,0.00138759335237715,0.47628627412573,0.490817408307462,0
"60","LOF1-LOF2","bin_62",0.00989277340606886,0.0030476911222201,2.25810571796635,0.134312560586874,0
"61","LOF1-LOF2","bin_63",0.00323229516307911,0.00173665036985995,0.732867551096467,0.392862017540486,0
"62","LOF2-LOF3","bin_3",0.0140482257452045,0.00215313580098365,3.22013621895035,0.0740740049012379,0
"63","LOF2-LOF3","bin_4",0.00616210325972514,0.00184756262339011,1.40127010779689,0.237754610798727,0
"64","LOF2-LOF3","bin_5",0.00108965064297071,0.000841442658102982,0.246529676531924,0.620011898787353,0
"65","LOF2-LOF3","bin_6",0.000310744469013741,0.000456003380474623,0.0702500798208575,0.791214597435323,0
"66","LOF2-LOF3","bin_7",0.0143352223318068,0.00305738523503067,3.28687837933369,0.0711623823770458,0
"67","LOF2-LOF3","bin_8",0.0275117077086933,0.00441128752542374,6.3935432348652,0.0121361052856365,0
"68","LOF2-LOF3","bin_9",0.00393055325413108,0.00180696826665395,0.891810343481262,0.345995677944748,0
"69","LOF2-LOF3","bin_10",0.000271968654520906,0.000466750594137648,0.0614816369998173,0.804394435144501,0
"70","LOF2-LOF3","bin_11",0.00408774687298355,0.00183866912158065,0.927622680003777,0.336510823114029,0
"71","LOF2-LOF3","bin_12",0.0119744499909603,0.00306619108758461,2.73902400391595,0.0993125626554072,0
"72","LOF2-LOF3","bin_13",0.0101857965490844,0.00265489544631697,2.32567891233258,0.128652842729569,0
"73","LOF2-LOF3","bin_14",0.0158043351951419,0.00352570605009512,3.62913583327994,0.0580457682388898,0
"74","LOF2-LOF3","bin_15",0.0172221768143777,0.00399094819840125,3.96041899626201,0.0477871969186924,0
"75","LOF2-LOF3","bin_16",0.0126111252543176,0.00319869475216861,2.88651652897129,0.0906999399803839,0
"76","LOF2-LOF3","bin_17",0.0142382682163514,0.00316659998070667,3.26432697998228,0.072132120413816,0
"77","LOF2-LOF3","bin_18",0.00945227485822124,0.00253877018534879,2.15659888336247,0.143349074903295,0
"78","LOF2-LOF3","bin_19",0.000422230920400055,0.000532241713646072,0.0954644960724545,0.757626485630306,0
"79","LOF2-LOF3","bin_20",0.000123428164292689,0.000321383846578016,0.0278982085548166,0.867497707401105,0
"80","LOF2-LOF3","bin_21",0.000466687581726116,0.000693988750684397,0.105520638641772,0.745603111013955,0
"81","LOF2-LOF3","bin_22",0.000906677155921459,0.000986412573082232,0.205094992182455,0.651073827046898,0
"82","LOF2-LOF3","bin_23",0.0110764457977544,0.0034538539967212,2.53131472059218,0.113004980202698,0
"83","LOF2-LOF3","bin_24",0.0494746237745887,0.00735899422878819,11.7632472027822,0.000717985997762117,0
"84","LOF2-LOF3","bin_25",0.0722091446846839,0.00872737826815002,17.5893808450961,3.93753904223772e-05,0
"85","LOF2-LOF3","bin_26",0.0679877324125236,0.00827903735786296,16.4860786274878,6.75758195014964e-05,0
"86","LOF2-LOF3","bin_27",0.0401692085074133,0.00670209313859666,9.45816825542581,0.00236113197657558,0
"87","LOF2-LOF3","bin_28",0.0246434622575864,0.00537543893258966,5.71014009205871,0.0176882983359851,0
"88","LOF2-LOF3","bin_29",0.00419095904983919,0.00221637177451675,0.951142946402573,0.330471272662961,0
"89","LOF2-LOF3","bin_30",0.00193511953714933,0.00150428144960461,0.438184955664341,0.508674197305566,0
"90","LOF2-LOF3","bin_31",0.000358964788266636,0.000633352584834225,0.0811551739981108,0.775998894482107,0
"91","LOF2-LOF3","bin_32",0.000397328856307146,0.00067096522968755,0.0898320143769471,0.764666297662098,0
"92","LOF2-LOF3","bin_33",0.00036767899852033,0.000673363033623301,0.0831260173564071,0.773369239167932,0
"93","LOF2-LOF3","bin_34",0.00167306534841806,0.00145314728690839,0.378746436280859,0.538894117733474,0
"94","LOF2-LOF3","bin_35",0.00635636989803174,0.00279375741208499,1.44572918643654,0.23047273703128,0
"95","LOF2-LOF3","bin_36",0.00315196978622776,0.00193783011969064,0.714597561610984,0.398815808064083,0
"96","LOF2-LOF3","bin_37",3.70349433793432e-05,0.000203214613488053,0.00837020719388107,0.927185216221135,0
"97","LOF2-LOF3","bin_38",5.9061915015764e-06,8.38088351988982e-05,0.00133480716298299,0.970888011042208,0
"98","LOF2-LOF3","bin_39",0.00014914303399236,0.000436309254873084,0.0337113534958137,0.854486772631564,0
"99","LOF2-LOF3","bin_40",0.00305724417448473,0.00214149631596417,0.693056024928352,0.406005702034483,0
"100","LOF2-LOF3","bin_41",0.0018707578061262,0.00176221244253279,0.423583686672912,0.515815395549218,0
"101","LOF2-LOF3","bin_42",0.00174985697906244,0.00154867245979936,0.396160902187636,0.529714355695739,0
"102","LOF2-LOF3","bin_43",0.00327651448236214,0.00192764867938451,0.742926482392733,0.389638658228137,0
"103","LOF2-LOF3","bin_44",0.00152767118628902,0.00124414625816941,0.345781929191284,0.557097778766216,0
"104","LOF2-LOF3","bin_45",0.0010302407001166,0.00100961529981815,0.233074521084133,0.629720737033654,0
"105","LOF2-LOF3","bin_46",0.000229966438398008,0.000470209236228467,0.0519843697383108,0.819851757721559,0
"106","LOF2-LOF3","bin_47",0.000629861472918178,0.000794077038847681,0.142438409345819,0.706223011179348,0
"107","LOF2-LOF3","bin_48",0.00889868802663267,0.00315294894490573,2.02916035900982,0.1556851952409,0
"108","LOF2-LOF3","bin_49",0.00555043410526898,0.0024117872518395,1.26139942216393,0.262578031333537,0
"109","LOF2-LOF3","bin_50",0.000476667975296836,0.000701459686587124,0.107778336898715,0.742991749034708,0
"110","LOF2-LOF3","bin_51",0.00240121959195464,0.0014592917685215,0.543981847651998,0.461552259703036,0
"111","LOF2-LOF3","bin_52",0.00473734050518521,0.00203364985794078,1.07573507752748,0.300762048541366,0
"112","LOF2-LOF3","bin_53",0.000765345060505946,0.000812519662594217,0.173100465260402,0.677765709845061,0
"113","LOF2-LOF3","bin_54",0.000748519049249387,0.000803187142036755,0.169292023434788,0.681131695559188,0
"114","LOF2-LOF3","bin_55",0.00144857947660448,0.00107945761122377,0.327853884120475,0.567494719891918,0
"115","LOF2-LOF3","bin_56",0.00492659103524982,0.00203968409326512,1.1189220452839,0.291280006440199,0
"116","LOF2-LOF3","bin_57",0.00412509032374529,0.00196971541029253,0.936132042396272,0.334308822820069,0
"117","LOF2-LOF3","bin_58",4.48364403502736e-05,0.000206290532598771,0.0101334898687759,0.919905453764541,0
"118","LOF2-LOF3","bin_59",6.07295253189464e-07,2.38335304676505e-05,0.00013724881057137,0.99066307295835,0
"119","LOF2-LOF3","bin_60",0.00320553029103502,0.00169354388310803,0.726779559667334,0.394831591909154,0
"120","LOF2-LOF3","bin_61",0.00548093616337985,0.00209528766246958,1.24551817855081,0.265595412330711,0
"121","LOF2-LOF3","bin_62",0.00333791155197521,0.00155650205039809,0.756894457499711,0.385225234812047,0
"122","LOF2-LOF3","bin_63",0.00131250455699845,0.000956859706358677,0.297015864557381,0.586296683949456,0
"123","LOF3-LOF4","bin_3",0.000600323743269046,0.000496472165617862,0.135754662726098,0.712883363358273,0.029
"124","LOF3-LOF4","bin_4",0.000426194517690252,0.000517098803517792,0.0963610295405061,0.756527114533127,0.029
"125","LOF3-LOF4","bin_5",0.002661512663261,0.00132372862197224,0.60310703891837,0.438207030664467,0.029
"126","LOF3-LOF4","bin_6",0.00265138002951666,0.00130042041792013,0.600804848648106,0.439081353671249,0.029
"127","LOF3-LOF4","bin_7",0.000233168222273049,0.000388522381272518,0.0527083081362162,0.818623541125705,0.029
"128","LOF3-LOF4","bin_8",0.00328038175867677,0.00149994395240623,0.743806245901996,0.389358549888629,0.029
"129","LOF3-LOF4","bin_9",0.00294876215136857,0.00135174399666124,0.668391172801964,0.414474140019235,0.029
"130","LOF3-LOF4","bin_10",0.000190499228148658,0.000336779372584235,0.0430610286543187,0.835797264318336,0.029
"131","LOF3-LOF4","bin_11",1.86992193999178e-05,0.000119672431652713,0.00422610260920133,0.948224713928171,0.029
"132","LOF3-LOF4","bin_12",0.0018428470848871,0.00111177344393324,0.41725237350466,0.518966592359656,0.029
"133","LOF3-LOF4","bin_13",0.00625334698843945,0.00199586477090379,1.42214961439561,0.234300492015692,0.029
"134","LOF3-LOF4","bin_14",0.014344085389535,0.00294789461381365,3.28894013618949,0.0710744286877023,0.029
"135","LOF3-LOF4","bin_15",0.00500359414719165,0.00182286656009044,1.13649885629094,0.287530906701599,0.029
"136","LOF3-LOF4","bin_16",0.00171601358225896,0.00106974394726534,0.388485716356305,0.533724949047453,0.029
"137","LOF3-LOF4","bin_17",0.00440489658752494,0.00174588834379816,0.999911133922279,0.318401446004199,0.029
"138","LOF3-LOF4","bin_18",0.00165315775394309,0.00107288720049808,0.374232317448505,0.541321184722134,0.029
"139","LOF3-LOF4","bin_19",0.000726615978833542,0.000679175595686415,0.164334619376695,0.685580180592948,0.029
"140","LOF3-LOF4","bin_20",0.00374059066995891,0.00150408321025605,0.84854756049853,0.357945812575359,0.029
"141","LOF3-LOF4","bin_21",0.00102271322205235,0.000792194090275236,0.231369813150925,0.630975336598355,0.029
"142","LOF3-LOF4","bin_22",0.000124413087097807,0.000273774501813938,0.0281208562866468,0.866974965700688,0.029
"143","LOF3-LOF4","bin_23",0.00055705560688422,0.000614717600457472,0.125964736518581,0.722984166565722,0.029
"144","LOF3-LOF4","bin_24",0.00289383462672901,0.00143112366262885,0.655904705389045,0.418861373453632,0.029
"145","LOF3-LOF4","bin_25",0.00141175600747676,0.00102569225174055,0.319507924922194,0.572464209160822,0.029
"146","LOF3-LOF4","bin_26",0.00383489933683604,0.00180648113025112,0.87002370344833,0.35194415970757,0.029
"147","LOF3-LOF4","bin_27",0.00375619216714674,0.00179268954722441,0.852100081426644,0.356943368633754,0.029
"148","LOF3-LOF4","bin_28",0.000750658936350073,0.000788318331600597,0.169776363759754,0.680701180011302,0.029
"149","LOF3-LOF4","bin_29",0.00670659561956811,0.00230931528806226,1.52592436770262,0.218007758583192,0.029
"150","LOF3-LOF4","bin_30",0.00402299690436118,0.00172419396291771,0.912869772655104,0.340374993563776,0.029
"151","LOF3-LOF4","bin_31",0.00018342027071805,0.000353001533512328,0.0414605858941681,0.838834680994839,0.029
"152","LOF3-LOF4","bin_32",0.000150350837995777,0.000322652112241171,0.0339843989699095,0.853905315254891,0.029
"153","LOF3-LOF4","bin_33",0.000976448303291067,0.000838695489932612,0.220893007145818,0.638813525624222,0.029
"154","LOF3-LOF4","bin_34",5.80466019279142e-05,0.000195760937030175,0.0131192935661198,0.908911841930605,0.029
"155","LOF3-LOF4","bin_35",0.000151047757970506,0.000311046062429903,0.0341419503663898,0.853570904102077,0.029
"156","LOF3-LOF4","bin_36",0.00029304800000695,0.000475616497962852,0.066248261922231,0.797113941416665,0.029
"157","LOF3-LOF4","bin_37",9.98779615195714e-05,0.000291899614950615,0.0225746740158458,0.880702406992626,0.029
"158","LOF3-LOF4","bin_38",0.000146959237235115,0.000373654280717679,0.0332176692584729,0.855544299356899,0.029
"159","LOF3-LOF4","bin_39",0.0018360282720872,0.00123611942738098,0.415705636793727,0.519741582013181,0.029
"160","LOF3-LOF4","bin_40",0.00657072033261978,0.00233108356371001,1.49480473906434,0.222745946824897,0.029
"161","LOF3-LOF4","bin_41",0.0173015330945824,0.00378081233016519,3.97898909081332,0.0472724911130887,0.029
"162","LOF3-LOF4","bin_42",0.0111837823286445,0.00283892414074571,2.55612191740338,0.111264886543828,0.029
"163","LOF3-LOF4","bin_43",8.05729031219846e-05,0.00024173385033638,0.018210943414148,0.892773153891902,0.029
"164","LOF3-LOF4","bin_44",0.000637582496152723,0.000721389078134514,0.144185574328905,0.704511511062335,0.029
"165","LOF3-LOF4","bin_45",0.00566890962386043,0.00219838453991558,1.28847783941646,0.257531070207625,0.029
"166","LOF3-LOF4","bin_46",0.00342323307944437,0.00160446085552286,0.776308159726646,0.379208662693521,0.029
"167","LOF3-LOF4","bin_47",0.000585809427162808,0.000638075228273183,0.132470533025863,0.716224403707394,0.029
"168","LOF3-LOF4","bin_48",0.00710132527834367,0.00229994595679592,1.61637793841912,0.204904465290812,0.029
"169","LOF3-LOF4","bin_49",0.033664965652331,0.00504062839674117,7.87333788696053,0.00545445936179764,0.029
"170","LOF3-LOF4","bin_50",0.0213007520450104,0.00398986619708074,4.91874288473322,0.0275621788893689,0.029
"171","LOF3-LOF4","bin_51",0.00578226586789343,0.00204638236255072,1.31439225159735,0.252813335105946,0.029
"172","LOF3-LOF4","bin_52",0.00435498220956472,0.00178180193823732,0.988531014342692,0.32116499068016,0.029
"173","LOF3-LOF4","bin_53",0.00119564985633789,0.000940506129156549,0.270540339049883,0.603478664144264,0.029
"174","LOF3-LOF4","bin_54",5.88069979642089e-05,0.000200550880143828,0.0132911631533157,0.908319765237142,0.029
"175","LOF3-LOF4","bin_55",0.00045576744865746,0.000577551616646665,0.103050410419226,0.748495939091871,0.029
"176","LOF3-LOF4","bin_56",0.00197601300726698,0.00119389598699559,0.447463132612653,0.504224854935294,0.029
"177","LOF3-LOF4","bin_57",0.000944208514293861,0.000880554186112407,0.213592800371115,0.644410459070964,0.029
"178","LOF3-LOF4","bin_58",5.02891750484998e-05,0.000199356460544861,0.0113659251439601,0.9151920916212,0.029
"179","LOF3-LOF4","bin_59",0.00028543088554808,0.000443552913540782,0.0645257977894698,0.799711614554471,0.029
"180","LOF3-LOF4","bin_60",0.000450370940460066,0.000574073223225508,0.101829693678884,0.749939628548116,0.029
"181","LOF3-LOF4","bin_61",0.0101035349799862,0.00261120912731313,2.30670477788878,0.130214548860965,0.029
"182","LOF3-LOF4","bin_62",0.00107682691955226,0.000864039628432964,0.243625226020471,0.622079276385616,0.029
"183","LOF3-LOF4","bin_63",0.000963896920078035,0.000802567189273773,0.218050882511709,0.64097893762317,0.029
"184","ROF1-ROF2","bin_3",0.00871527659330811,0.00214723333140964,1.9869694988526,0.16003270263575,0.001
"185","ROF1-ROF2","bin_4",0.0192619725239384,0.0038527308441264,4.4387039846034,0.0362356695767138,0.001
"186","ROF1-ROF2","bin_5",0.0165443998813618,0.00351650067185451,3.80193510793647,0.0524301663763665,0.001
"187","ROF1-ROF2","bin_6",0.0101512502160471,0.00256213320388739,2.31771020504636,0.129306151820012,0.001
"188","ROF1-ROF2","bin_7",0.0015112610004537,0.00110998524932763,0.342061930958533,0.559224885773966,0.001
"189","ROF1-ROF2","bin_8",0.00228874710146206,0.00137916291029093,0.51844343083001,0.472250420256624,0.001
"190","ROF1-ROF2","bin_9",0.00763770751358918,0.00260582885419877,1.73940697983019,0.188548799232475,0.001
"191","ROF1-ROF2","bin_10",0.00317212603463456,0.00173704814767263,0.719181819199731,0.397309681537478,0.001
"192","ROF1-ROF2","bin_11",0.0097126840489971,0.00303560063051167,2.21659568866168,0.137927911386579,0.001
"193","ROF1-ROF2","bin_12",0.0197927341296751,0.00394885266168303,4.56348169316503,0.0337356612636331,0.001
"194","ROF1-ROF2","bin_13",0.0191984156465527,0.00383927346978353,4.42377133697342,0.0365476805568741,0.001
"195","ROF1-ROF2","bin_14",0.040362523085265,0.00519459846332633,9.50560022582401,0.00230329617137006,0.001
"196","ROF1-ROF2","bin_15",0.0182445899988078,0.00335926964337275,4.19990284517563,0.041581136349128,0.001
"197","ROF1-ROF2","bin_16",0.00471691889440009,0.00174496646200438,1.07107584803937,0.301808690706793,0.001
"198","ROF1-ROF2","bin_17",0.00359701275186427,0.00152680608141918,0.815859539087153,0.367355257800309,0.001
"199","ROF1-ROF2","bin_18",0.00282878393762821,0.001292111538383,0.641118756344034,0.424146896403893,0.001
"200","ROF1-ROF2","bin_19",0.00583630074527614,0.00210327892615943,1.32674726448089,0.250601735884289,0.001
"201","ROF1-ROF2","bin_20",0.00627281055243655,0.00226290992431808,1.42660400148533,0.233571517508645,0.001
"202","ROF1-ROF2","bin_21",0.00275017484548891,0.00157384416554728,0.62325357137485,0.430668270916903,0.001
"203","ROF1-ROF2","bin_22",0.00271300681874156,0.00153906820863676,0.614807518024205,0.433804446335209,0.001
"204","ROF1-ROF2","bin_23",0.00275152799666334,0.00141063969018494,0.623561072995893,0.430554741570026,0.001
"205","ROF1-ROF2","bin_24",0.000187649591409599,0.000402381968984179,0.0424167671475936,0.837012785509392,0.001
"206","ROF1-ROF2","bin_25",0.00156128329962982,0.00142884568444059,0.353401786022915,0.55278840524065,0.001
"207","ROF1-ROF2","bin_26",0.00260387670340583,0.0018660457354719,0.590012454655113,0.443216148596206,0.001
"208","ROF1-ROF2","bin_27",0.00405955703462794,0.00229247252915033,0.921199551947318,0.338185899454615,0.001
"209","ROF1-ROF2","bin_28",0.00405184604471674,0.00221571369716647,0.919442646155151,0.338646035944247,0.001
"210","ROF1-ROF2","bin_29",0.000961523981614842,0.00109558875071222,0.217513564353407,0.641390251028778,0.001
"211","ROF1-ROF2","bin_30",0.00313874790033862,0.00180198861231581,0.711590528754557,0.39980825686623,0.001
"212","ROF1-ROF2","bin_31",0.00728330197496658,0.00252477565629027,1.65810270907817,0.199176694355806,0.001
"213","ROF1-ROF2","bin_32",0.0142632985552969,0.00338299491564834,3.27014857899955,0.0718804264158876,0.001
"214","ROF1-ROF2","bin_33",0.0292000277880131,0.00487329654419626,6.79769928820099,0.00973526136347976,0.001
"215","ROF1-ROF2","bin_34",0.0243363234134215,0.00439967972853463,5.63719775924772,0.0184199700044693,0.001
"216","ROF1-ROF2","bin_35",0.0135475343410318,0.00339136636520111,3.10379148277347,0.0794622256541532,0.001
"217","ROF1-ROF2","bin_36",0.00746651725616951,0.00278435464948146,1.70012692693193,0.19359789952374,0.001
"218","ROF1-ROF2","bin_37",1.4489358424483e-07,1.34380729112947e-05,3.27459547840103e-05,0.99543925178327,0.001
"219","ROF1-ROF2","bin_38",0.00185484109911464,0.00148839376966357,0.419973071713845,0.51760832200662,0.001
"220","ROF1-ROF2","bin_39",0.0113973652426028,0.0036503280517631,2.6055003843484,0.10788884661568,0.001
"221","ROF1-ROF2","bin_40",0.0116262048522881,0.00378745987936008,2.65842974542282,0.104395207652664,0.001
"222","ROF1-ROF2","bin_41",0.0136781013878472,0.00369684726248696,3.13411972095838,0.0780179095669793,0.001
"223","ROF1-ROF2","bin_42",0.0126623683148404,0.00382006309031795,2.89839579422256,0.0900427028843564,0.001
"224","ROF1-ROF2","bin_43",0.00471399127495123,0.00246226231010917,1.07040792174271,0.301959119111716,0.001
"225","ROF1-ROF2","bin_44",0.00449417860745452,0.00221539039783273,1.02026963927137,0.313535261819954,0.001
"226","ROF1-ROF2","bin_45",0.00947266473218512,0.00282644901294705,2.16129545672257,0.142916121522947,0.001
"227","ROF1-ROF2","bin_46",0.00954914124307757,0.00282628642599603,2.17891266573698,0.141305213056649,0.001
"228","ROF1-ROF2","bin_47",0.0314732205492449,0.00490270709628189,7.34409000870689,0.00724436702877416,0.001
"229","ROF1-ROF2","bin_48",0.0213129973102819,0.00417944107492535,4.92163212435223,0.0275171382578758,0.001
"230","ROF1-ROF2","bin_49",0.0106607517182535,0.00292397712110688,2.43529193096275,0.120031008665368,0.001
"231","ROF1-ROF2","bin_50",0.00433888307273953,0.00200540024757454,0.984860770163802,0.322063030121733,0.001
"232","ROF1-ROF2","bin_51",0.00636727815554743,0.00254243648491415,1.44822612170273,0.230071856788442,0.001
"233","ROF1-ROF2","bin_52",0.0206326345478384,0.00414742600533074,4.76121174985103,0.0301388004615037,0.001
"234","ROF1-ROF2","bin_53",0.0118695171661923,0.00294335401375824,2.71473345490408,0.100815168204507,0.001
"235","ROF1-ROF2","bin_54",0.00320103671614813,0.00154924347479247,0.72575747417132,0.39516365244885,0.001
"236","ROF1-ROF2","bin_55",0.00460471479851226,0.00179255731410935,1.04547968021882,0.307643694130346,0.001
"237","ROF1-ROF2","bin_56",0.00577028715057272,0.00199029686378392,1.31165351344406,0.253306840587874,0.001
"238","ROF1-ROF2","bin_57",0.00134947946879051,0.000987400587686052,0.305394483532064,0.581066315535242,0.001
"239","ROF1-ROF2","bin_58",1.04105883269716e-05,9.35755264700366e-05,0.00235281745610951,0.96135594095999,0.001
"240","ROF1-ROF2","bin_59",0.000602986968714306,0.000714164631055329,0.136357276590306,0.712275306365257,0.001
"241","ROF1-ROF2","bin_60",0.00747728266723963,0.00239845483239729,1.70259667943661,0.19327579716609,0.001
"242","ROF1-ROF2","bin_61",0.00264586036496153,0.00146709844827776,0.599550770100696,0.439558755855841,0.001
"243","ROF1-ROF2","bin_62",6.70796542634597e-05,0.000241040378974649,0.0151610188594453,0.902113514370039,0.001
"244","ROF1-ROF2","bin_63",0.00144562421231091,0.00112253274704634,0.327184057177203,0.56789044288751,0.001
"245","ROF2-ROF3","bin_3",0.000394615136638617,0.000422543409773141,0.0892182277434592,0.765447840907822,0.986
"246","ROF2-ROF3","bin_4",0.00213577570370161,0.00124110439967187,0.483718423092036,0.487457359669841,0.986
"247","ROF2-ROF3","bin_5",3.73729613672322e-09,1.75853258953857e-06,8.44628930056075e-07,0.99926752540931,0.986
"248","ROF2-ROF3","bin_6",0.000725165097612872,0.000741134319319884,0.164006243664205,0.685877593200972,0.986
"249","ROF2-ROF3","bin_7",1.10388827379227e-05,8.85751215285121e-05,0.00249481503874119,0.960207843443871,0.986
"250","ROF2-ROF3","bin_8",0.00342438282466776,0.00167403457968193,0.776569790628096,0.379128493472842,0.986
"251","ROF2-ROF3","bin_9",0.000912688281411282,0.000943354758686149,0.206455981553941,0.649995557406047,0.986
"252","ROF2-ROF3","bin_10",0.000280247567952456,0.0005519075996945,0.0633537050790241,0.801500436462616,0.986
"253","ROF2-ROF3","bin_11",0.0016883076693908,0.00128096973631469,0.382202809216383,0.537049212553163,0.986
"254","ROF2-ROF3","bin_12",0.00713024357819447,0.00242784513815056,1.62300748738625,0.203981490531856,0.986
"255","ROF2-ROF3","bin_13",0.00841481017000673,0.00256947798947058,1.91788574287558,0.167455496946765,0.986
"256","ROF2-ROF3","bin_14",0.01492100262511,0.00325872024761361,3.42322453555624,0.0655906173821049,0.986
"257","ROF2-ROF3","bin_15",0.00742851308909425,0.00223340595510988,1.69140860912721,0.194739989547848,0.986
"258","ROF2-ROF3","bin_16",1.91221533317232e-05,0.000116508374279195,0.00432168929297476,0.947643294256692,0.986
"259","ROF2-ROF3","bin_17",0.00220763645294264,0.00129158573956122,0.500029722207337,0.480215549057284,0.986
"260","ROF2-ROF3","bin_18",0.001516995215443,0.00105463673569348,0.343361796893172,0.558479858299535,0.986
"261","ROF2-ROF3","bin_19",4.62227204700529e-05,0.000180857756272887,0.0104468177065666,0.918680876875043,0.986
"262","ROF2-ROF3","bin_20",2.37945258828308e-05,0.000129772395433885,0.00537769080912292,0.941606200523075,0.986
"263","ROF2-ROF3","bin_21",0.00299000092640938,0.00139962877570346,0.677766732526664,0.411224671788767,0.986
"264","ROF2-ROF3","bin_22",0.00244169044699534,0.00130952415661708,0.553172717560955,0.457796750739157,0.986
"265","ROF2-ROF3","bin_23",6.09425994962698e-06,6.31967915346916e-05,0.00137731114230783,0.97042835020082,0.986
"266","ROF2-ROF3","bin_24",7.88058759044843e-06,7.16849267122608e-05,0.00178102683097929,0.966374758655215,0.986
"267","ROF2-ROF3","bin_25",0.000206227770458397,0.00036179716533062,0.0466170898621053,0.829252713007885,0.986
"268","ROF2-ROF3","bin_26",3.97468051102194e-05,0.000165964947882056,0.00898313500582594,0.924574028170426,0.986
"269","ROF2-ROF3","bin_27",0.0013657836868053,0.000964875484693554,0.309089262290201,0.578789573134952,0.986
"270","ROF2-ROF3","bin_28",0.00717031035150407,0.00212542948728138,1.63219347319644,0.202710734477749,0.986
"271","ROF2-ROF3","bin_29",0.00486872013568631,0.0019590743086968,1.10571416347714,0.294138531267358,0.986
"272","ROF2-ROF3","bin_30",1.5640162688237e-05,0.000113511352946511,0.00353473205132591,0.952643349743728,0.986
"273","ROF2-ROF3","bin_31",0.0017492242488814,0.00118086328887471,0.396017403492365,0.529788840298947,0.986
"274","ROF2-ROF3","bin_32",2.3718867765957e-05,0.000140376151702803,0.00536059126226158,0.941698945617538,0.986
"275","ROF2-ROF3","bin_33",0.00315177464266761,0.00154847042301401,0.714553179835925,0.398830429887015,0.986
"276","ROF2-ROF3","bin_34",0.00349301682839862,0.00164868987209983,0.79218893249055,0.374385529921347,0.986
"277","ROF2-ROF3","bin_35",0.00182019825858377,0.00124890331674286,0.412114937331198,0.521548599510933,0.986
"278","ROF2-ROF3","bin_36",0.00150728654215565,0.00109722642199171,0.341160985889917,0.559742385244537,0.986
"279","ROF2-ROF3","bin_37",0.000469038315492525,0.00056569848151335,0.106052401941271,0.744985285668264,0.986
"280","ROF2-ROF3","bin_38",0.00424907337081537,0.00179036670388043,0.964388338612998,0.327133821782315,0.986
"281","ROF2-ROF3","bin_39",0.00351593802698162,0.00169743551642679,0.797405622850154,0.372820041154533,0.986
"282","ROF2-ROF3","bin_40",0.000593419534298699,0.000635312221083948,0.134192447171013,0.7144668639394,0.986
"283","ROF2-ROF3","bin_41",0.000129690840221455,0.000302007146746149,0.0293139316384733,0.864209388399706,0.986
"284","ROF2-ROF3","bin_42",0.00216788876707755,0.00127386543198347,0.491007310592713,0.484199100504087,0.986
"285","ROF2-ROF3","bin_43",0.00514349442438945,0.00188660388544256,1.16843960249267,0.280874206244344,0.986
"286","ROF2-ROF3","bin_44",0.00450747138395903,0.00191384954843186,1.0233010328977,0.312819060611692,0.986
"287","ROF2-ROF3","bin_45",0.000791955592007469,0.000811077829610823,0.179123821906108,0.672529766072496,0.986
"288","ROF2-ROF3","bin_46",0.00138132580629036,0.000977268131134249,0.312611450485518,0.576635718941293,0.986
"289","ROF2-ROF3","bin_47",0.00192774964629689,0.00121599904616574,0.436512907666455,0.509483232612183,0.986
"290","ROF2-ROF3","bin_48",3.61077310365884e-05,0.000169005052625802,0.00816064187653095,0.928100008585001,0.986
"291","ROF2-ROF3","bin_49",1.01899656882865e-05,9.14746997745547e-05,0.00230295571259244,0.961767294001788,0.986
"292","ROF2-ROF3","bin_50",0.00320254541541624,0.00162051014515046,0.726100634141068,0.395052119817761,0.986
"293","ROF2-ROF3","bin_51",0.0047461005715814,0.00199275611049119,1.07773376200124,0.300314507475087,0.986
"294","ROF2-ROF3","bin_52",0.000151049832515907,0.00034679219520757,0.0341424193553203,0.853569909840934,0.986
"295","ROF2-ROF3","bin_53",2.98802833554165e-05,0.000154828306384013,0.00675314582423491,0.934578278609765,0.986
"296","ROF2-ROF3","bin_54",0.00186754342958532,0.00134029571292865,0.422854514256053,0.516176602526099,0.986
"297","ROF2-ROF3","bin_55",0.00504964677545142,0.00211337894720271,1.14701217759602,0.285317881290986,0.986
"298","ROF2-ROF3","bin_56",0.00257823098702162,0.00134523371407942,0.584186370469426,0.445473335489211,0.986
"299","ROF2-ROF3","bin_57",0.0130149448384703,0.00309728896534888,2.98016420624819,0.0856573150875456,0.986
"300","ROF2-ROF3","bin_58",0.0116118414186221,0.00285391033335986,2.65510684018635,0.104610827027968,0.986
"301","ROF2-ROF3","bin_59",3.71576985041738e-05,0.000160653383954175,0.00839795191050842,0.927064974883388,0.986
"302","ROF2-ROF3","bin_60",2.1359226783078e-07,1.25515312803965e-05,4.82718628402529e-05,0.994462634778172,0.986
"303","ROF2-ROF3","bin_61",0.0125236860000561,0.00308346280096504,2.86624903897475,0.0918334009270046,0.986
"304","ROF2-ROF3","bin_62",0.00992252875798221,0.00277336981586671,2.26496568646376,0.133725418761173,0.986
"305","ROF2-ROF3","bin_63",0.00129007405911993,0.000990755357332731,0.291933353006811,0.589516296245907,0.986
"306","ROF3-ROF4","bin_3",0.00142848453632948,0.000782120966040273,0.3232993333087,0.570196140142837,0.045
"307","ROF3-ROF4","bin_4",0.000836262191927741,0.000709862391962592,0.18915343724371,0.664037151645404,0.045
"308","ROF3-ROF4","bin_5",0.000547022255174778,0.000598306260621983,0.123694693419647,0.725389032118961,0.045
"309","ROF3-ROF4","bin_6",0.00249760365899555,0.00131729007191265,0.565871750287034,0.452686802894181,0.045
"310","ROF3-ROF4","bin_7",1.64442284778181e-07,1.01263946856565e-05,3.71639624711957e-05,0.995141323841813,0.045
"311","ROF3-ROF4","bin_8",0.00106156311384455,0.000780762721861739,0.240168217449632,0.624560049129355,0.045
"312","ROF3-ROF4","bin_9",0.00055220240979471,0.000645046291678388,0.124866696304207,0.724144349459899,0.045
"313","ROF3-ROF4","bin_10",7.36504798558094e-05,0.00026079661087571,0.016646234450568,0.897456343074271,0.045
"314","ROF3-ROF4","bin_11",0.00700280001848836,0.00243137205897744,1.59379382359571,0.208086072698468,0.045
"315","ROF3-ROF4","bin_12",0.00953265020069894,0.00272686691738005,2.17511354189969,0.141650858618448,0.045
"316","ROF3-ROF4","bin_13",0.00187151993939305,0.00121157363469379,0.423756575182734,0.51572981747772,0.045
"317","ROF3-ROF4","bin_14",0.00105862646566531,0.000809615427840869,0.239503125587717,0.625039862297444,0.045
"318","ROF3-ROF4","bin_15",0.00438064973738774,0.00180278810356381,0.994382883768271,0.319739985385749,0.045
"319","ROF3-ROF4","bin_16",0.00471231230689619,0.00178064031773469,1.07002487273501,0.302045432131369,0.045
"320","ROF3-ROF4","bin_17",0.00328923943802129,0.00148253839895177,0.745821297819314,0.388718064216773,0.045
"321","ROF3-ROF4","bin_18",0.0068699879306706,0.00225897728383033,1.56335751962269,0.212467344444093,0.045
"322","ROF3-ROF4","bin_19",0.00837216564975775,0.0023757652057189,1.90808423412705,0.168540389039165,0.045
"323","ROF3-ROF4","bin_20",0.000992408325155146,0.000763292155869363,0.224507084184464,0.636084407636935,0.045
"324","ROF3-ROF4","bin_21",0.00259177650749465,0.00123047955979002,0.587263546557466,0.444278935961854,0.045
"325","ROF3-ROF4","bin_22",0.00432932571944343,0.00155466770791563,0.982681962890188,0.322597715974515,0.045
"326","ROF3-ROF4","bin_23",0.000400260535057938,0.000512251224791935,0.0904951025412574,0.763825242056125,0.045
"327","ROF3-ROF4","bin_24",0.00546529350632994,0.00188991939372056,1.24194392047436,0.266280472164599,0.045
"328","ROF3-ROF4","bin_25",0.00117261923482398,0.000892671721438691,0.265323070005549,0.606989928858892,0.045
"329","ROF3-ROF4","bin_26",1.68696903892101e-06,3.53071749807958e-05,0.000381255645962618,0.984438907900762,0.045
"330","ROF3-ROF4","bin_27",0.000250964239842205,0.000407379680365788,0.05673215594673,0.811953324425264,0.045
"331","ROF3-ROF4","bin_28",0.000310003153760342,0.000449093364293515,0.0700824385268038,0.79145806725,0.045
"332","ROF3-ROF4","bin_29",0.00241821105340463,0.00122447004186279,0.54784049200271,0.45996962621237,0.045
"333","ROF3-ROF4","bin_30",0.00814295899829848,0.00229924550888889,1.85541732078333,0.17451070284603,0.045
"334","ROF3-ROF4","bin_31",0.00596192527594673,0.00195508550854041,1.3554763611424,0.245550567641777,0.045
"335","ROF3-ROF4","bin_32",0.000681597090490972,0.000652779542111104,0.15414600792147,0.694974401192052,0.045
"336","ROF3-ROF4","bin_33",0.00060420792899606,0.000630610958552424,0.136633547025589,0.711997051135623,0.045
"337","ROF3-ROF4","bin_34",0.0103214637481907,0.0026195293844636,2.35697827289,0.126122327528023,0.045
"338","ROF3-ROF4","bin_35",0.00233127107591105,0.00127252032675467,0.528098403689654,0.468159449388706,0.045
"339","ROF3-ROF4","bin_36",0.000145988718307916,0.000331132722129342,0.0329982677123987,0.856016887796128,0.045
"340","ROF3-ROF4","bin_37",0.000829969769829528,0.000737033226805441,0.187728977357601,0.665226774770944,0.045
"341","ROF3-ROF4","bin_38",0.0181790698454879,0.00353387381033302,4.18454084537973,0.0419523950744309,0.045
"342","ROF3-ROF4","bin_39",0.0279770790941296,0.00440543166318795,6.50480532843895,0.0114196672103812,0.045
"343","ROF3-ROF4","bin_40",0.0124634165341986,0.00273559305072568,2.85228130672733,0.0926235578285219,0.045
"344","ROF3-ROF4","bin_41",0.00530002805109622,0.00192929068801549,1.20418857276219,0.273653938717115,0.045
"345","ROF3-ROF4","bin_42",0.00648633440187663,0.00227938787424585,1.47548204477046,0.22575034384927,0.045
"346","ROF3-ROF4","bin_43",0.00264386213914202,0.00146292447051957,0.599096772721175,0.439731780484434,0.045
"347","ROF3-ROF4","bin_44",0.00352136045106443,0.00152148806878909,0.798639760407508,0.372451032077488,0.045
"348","ROF3-ROF4","bin_45",0.00268801045113692,0.00131579717808888,0.609127703590272,0.435933108249107,0.045
"349","ROF3-ROF4","bin_46",0.000280412394855487,0.000434861414967835,0.0633909768529716,0.801443283366119,0.045
"350","ROF3-ROF4","bin_47",0.00308396642153169,0.00137811075718417,0.699132512458786,0.403958505789835,0.045
"351","ROF3-ROF4","bin_48",1.80614077943653e-06,3.40869358990294e-05,0.000408188553398647,0.983898720676891,0.045
"352","ROF3-ROF4","bin_49",0.000767009150378654,0.000724745610928364,0.173477126529005,0.677435177285892,0.045
"353","ROF3-ROF4","bin_50",0.000396394236559524,0.000526255377478095,0.0896206225607124,0.764935136388115,0.045
"354","ROF3-ROF4","bin_51",0.000854622459840203,0.000738434427237454,0.193309882891514,0.660596128126328,0.045
"355","ROF3-ROF4","bin_52",0.000598115870339053,0.000638840232807013,0.135255084909454,0.713388617280149,0.045
"356","ROF3-ROF4","bin_53",2.59590617469265e-06,4.25032172842997e-05,0.000586676318437218,0.98069737931026,0.045
"357","ROF3-ROF4","bin_54",0.00306280716692711,0.00135377590682004,0.69432099103301,0.405578277910909,0.045
"358","ROF3-ROF4","bin_55",0.00223840152221577,0.00108701145164423,0.507013644133576,0.477168891308418,0.045
"359","ROF3-ROF4","bin_56",0.00205599120274335,0.00111780168071367,0.465611304566082,0.495711907830244,0.045
"360","ROF3-ROF4","bin_57",0.000756691081377024,0.000657454621135693,0.171141685778488,0.679491442210884,0.045
"361","ROF3-ROF4","bin_58",0.00233045542724237,0.0011485550969249,0.527913204749897,0.468237382281102,0.045
"362","ROF3-ROF4","bin_59",0.0109433366270707,0.00252519672821944,2.50055853148369,0.115204398735897,0.045
"363","ROF3-ROF4","bin_60",0.00329555573950967,0.00143505955251704,0.747258228272264,0.38826225719922,0.045
"364","ROF3-ROF4","bin_61",0.00135460988489439,0.000965909126098315,0.306557099263078,0.58034797247077,0.045
"365","ROF3-ROF4","bin_62",6.5150657309295e-06,6.97868382625606e-05,0.00147241444806698,0.969424916889344,0.045
"366","ROF3-ROF4","bin_63",0.000231508353000103,0.000428767428210534,0.052333003305426,0.819259158277516,0.045
